"query_start_time","query_duration_ms","read_rows","read_bytes","result_rows","result_bytes","memory_usage","real_time_us","user_time_us","system_time_us","disk_read_us","cpu_wait_us","query"
"2026-02-14 15:42:31",1,1,16,1,136,78768,2401,1692,44,0,0,"SELECT count() FROM exp02_projections.web_analytics_base"
"2026-02-14 15:42:37",1,1,16,1,136,77840,1836,1299,32,0,0,"SELECT count() FROM exp02_projections.web_analytics_base"
"2026-02-14 15:42:42",1,1,16,1,136,77792,1811,182,1130,0,0,"SELECT count() FROM exp02_projections.web_analytics_base"
"2026-02-14 15:42:48",1,1,16,1,136,77792,1804,234,1096,0,0,"SELECT count() FROM exp02_projections.web_analytics_base"
"2026-02-14 15:42:53",1,1,16,1,136,78912,2101,221,1271,0,0,"SELECT count() FROM exp02_projections.web_analytics_base"
"2026-02-14 15:42:59",1,1,16,1,136,77840,2069,0,1515,0,0,"SELECT count() FROM exp02_projections.web_analytics_base"
"2026-02-14 15:43:05",2,1,16,1,136,78896,2811,471,1275,0,0,"SELECT count() FROM exp02_projections.web_analytics_base"
"2026-02-14 15:43:11",1,1,16,1,136,77824,1698,142,1130,0,0,"SELECT count() FROM exp02_projections.web_analytics_base"
"2026-02-14 15:43:20",1,1,16,1,136,75936,1927,986,446,0,0,"SELECT count() FROM exp02_projections.web_analytics_base"
"2026-02-14 15:43:45",1,1,16,1,136,76400,1943,247,1141,0,0,"SELECT count() FROM exp02_projections.web_analytics_proj"
"2026-02-14 15:43:53",1,1,16,1,136,77776,1632,146,1094,0,0,"SELECT count() FROM exp02_projections.web_analytics_proj"
"2026-02-14 15:44:04",1,1,16,1,136,77824,2200,430,1150,0,0,"SELECT count() FROM exp02_projections.web_analytics_proj"
"2026-02-14 15:44:15",1,1,16,1,136,78896,1887,324,1074,0,0,"SELECT count() FROM exp02_projections.web_analytics_proj"
"2026-02-14 15:44:27",1,1,16,1,136,77792,2393,914,711,0,0,"SELECT count() FROM exp02_projections.web_analytics_proj"
"2026-02-14 15:44:44",2,1,16,1,136,77824,2617,1822,34,0,0,"SELECT count() FROM exp02_projections.web_analytics_proj"
"2026-02-14 15:44:58",1,1,16,1,136,78896,2039,504,1023,0,0,"SELECT count() FROM exp02_projections.web_analytics_proj"
"2026-02-14 15:45:12",1,1,16,1,136,77792,1995,0,1522,0,0,"SELECT count() FROM exp02_projections.web_analytics_proj"
"2026-02-14 15:45:39",4,1,16,1,136,77120,5342,804,1377,0,2194,"SELECT count() FROM exp02_projections.web_analytics_mv_source"
"2026-02-14 15:45:55",8,1,16,1,136,71936,8878,1128,736,0,3452,"SELECT count() FROM exp02_projections.web_analytics_mv_source"
"2026-02-14 15:46:11",1,1,16,1,136,71936,2102,938,592,0,0,"SELECT count() FROM exp02_projections.web_analytics_mv_source"
"2026-02-14 15:46:27",2,1,16,1,136,76640,2477,842,800,0,56,"SELECT count() FROM exp02_projections.web_analytics_mv_source"
"2026-02-14 15:46:41",1,1,16,1,136,78000,1871,845,566,0,0,"SELECT count() FROM exp02_projections.web_analytics_mv_source"
"2026-02-14 15:46:56",2,1,16,1,4496,81024,2413,238,1649,0,0,"SELECT 'base', count() FROM exp02_projections.web_analytics_base;"
"2026-02-14 15:46:56",1,1,16,1,4496,82400,2146,1687,38,0,0,"SELECT 'proj', count() FROM exp02_projections.web_analytics_proj;"
"2026-02-14 15:46:56",1,1,16,1,4496,83696,1737,337,1007,0,0,"SELECT 'mv_source', count() FROM exp02_projections.web_analytics_mv_source;"
"2026-02-14 15:46:56",1,1,16,1,4496,81392,1249,164,669,0,0,"SELECT 'mv_target', count() FROM exp02_projections.hourly_stats_mv_target;"
"2026-02-14 15:51:17",10,8192,39020,24,7935,600895,102768,8787,2769,167,202,"-- Correctness Test 1: Q1 Dashboard Rollup - Base vs Projection vs MV
-- Q1 on base table
SELECT 'Q1_base',
    toStartOfHour(timestamp) AS hour,
    page,
    count() AS hits,
    avg(duration_ms) AS avg_duration
FROM exp02_projections.web_analytics_base
WHERE page = '/page/42' AND timestamp >= '2024-06-01' AND timestamp < '2024-06-02'
GROUP BY hour, page
ORDER BY hour
FORMAT TabSeparatedWithNames;"
"2026-02-14 15:51:17",12,8192,39020,24,7935,605087,117378,9399,4207,103,190,"-- Q1 on proj table (should use proj_hourly_stats)
SELECT 'Q1_proj',
    toStartOfHour(timestamp) AS hour,
    page,
    count() AS hits,
    avg(duration_ms) AS avg_duration
FROM exp02_projections.web_analytics_proj
WHERE page = '/page/42' AND timestamp >= '2024-06-01' AND timestamp < '2024-06-02'
GROUP BY hour, page
ORDER BY hour
FORMAT TabSeparatedWithNames;"
"2026-02-14 15:51:17",6,16384,177425,24,7935,1108695,40851,4145,3882,124,0,"-- Q1 on MV
SELECT 'Q1_mv',
    page,
    hour,
    countMerge(hits) AS hits,
    avgMerge(avg_duration) AS avg_duration
FROM exp02_projections.hourly_stats_mv_target
WHERE page = '/page/42' AND hour >= '2024-06-01' AND hour < '2024-06-02'
GROUP BY page, hour
ORDER BY hour
FORMAT TabSeparatedWithNames;"
"2026-02-14 15:51:17",31,33308672,40155706,1,4632,7568864,321774,210932,20866,5182,2229,"-- Q2: Country filter - Base vs Proj
SELECT 'Q2_base', count(), avg(duration_ms)
FROM exp02_projections.web_analytics_base
WHERE country = 'DE' AND timestamp >= '2024-03-01' AND timestamp < '2024-04-01'
FORMAT TabSeparatedWithNames;"
"2026-02-14 15:51:17",35,352256,3170304,1,4632,2871464,149615,38505,5480,487,39,"SELECT 'Q2_proj', count(), avg(duration_ms)
FROM exp02_projections.web_analytics_proj
WHERE country = 'DE' AND timestamp >= '2024-03-01' AND timestamp < '2024-04-01'
FORMAT TabSeparatedWithNames;"
"2026-02-14 15:51:17",201,200000000,1149209600,10,62268,12470544,3554669,2945391,148415,117252,30220,"-- Q3: Top-K pages by avg duration - Base vs Proj vs MV
SELECT 'Q3_base', page, avg(duration_ms) AS avg_dur, count() AS hits
FROM exp02_projections.web_analytics_base
GROUP BY page ORDER BY avg_dur DESC LIMIT 10
FORMAT TabSeparatedWithNames;"
"2026-02-14 15:51:17",37,8760000,365724544,10,19224,77623098,595050,329662,62410,13044,30233,"SELECT 'Q3_proj', page, avg(duration_ms) AS avg_dur, count() AS hits
FROM exp02_projections.web_analytics_proj
GROUP BY page ORDER BY avg_dur DESC LIMIT 10
FORMAT TabSeparatedWithNames;"
"2026-02-14 15:51:17",39,8760000,365724544,10,19224,59276587,638794,348621,32791,13983,22570,"SELECT 'Q3_mv', page, avgMerge(avg_duration) AS avg_dur, countMerge(hits) AS hits
FROM exp02_projections.hourly_stats_mv_target
GROUP BY page ORDER BY avg_dur DESC LIMIT 10
FORMAT TabSeparatedWithNames;"
"2026-02-14 15:52:26",0,0,0,0,0,3536,338,175,0,0,0,"SYSTEM STOP MERGES exp02_projections.web_analytics_base"
"2026-02-14 15:52:27",0,0,0,0,0,3536,329,0,0,0,0,"SYSTEM STOP MERGES exp02_projections.web_analytics_proj"
"2026-02-14 15:52:27",0,0,0,0,0,3600,314,0,0,0,0,"SYSTEM STOP MERGES exp02_projections.web_analytics_mv_source"
"2026-02-14 15:52:27",0,0,0,0,0,3536,343,205,0,0,0,"SYSTEM STOP MERGES exp02_projections.hourly_stats_mv_target"
"2026-02-14 15:53:52",0,0,0,0,0,3536,355,53,0,0,0,"SYSTEM START MERGES exp02_projections.web_analytics_base"
"2026-02-14 15:53:53",0,0,0,0,0,3536,342,0,0,0,0,"SYSTEM START MERGES exp02_projections.web_analytics_proj"
"2026-02-14 15:53:53",0,0,0,0,0,3600,369,316,0,0,18,"SYSTEM START MERGES exp02_projections.web_analytics_mv_source"
"2026-02-14 15:53:53",0,0,0,0,0,3536,337,0,0,0,0,"SYSTEM START MERGES exp02_projections.hourly_stats_mv_target"
"2026-02-14 17:12:41",5,4,64,4,528,408960,17059,5416,1657,0,0,"SELECT table, count() as rows FROM (
    SELECT 'web_analytics_base' as table, count() as rows FROM exp02_projections.web_analytics_base
    UNION ALL
    SELECT 'web_analytics_proj', count() FROM exp02_projections.web_analytics_proj
    UNION ALL
    SELECT 'web_analytics_mv_source', count() FROM exp02_projections.web_analytics_mv_source
    UNION ALL
    SELECT 'hourly_stats_mv_target', count() FROM exp02_projections.hourly_stats_mv_target
) GROUP BY table ORDER BY table
FORMAT PrettyCompact
"
"2026-02-14 17:12:48",1,1,16,1,136,71856,2303,1062,525,0,0,"SELECT count() FROM exp02_projections.web_analytics_base"
"2026-02-14 17:13:01",2,13,488,13,4608,165006,3224,1808,1105,0,0,"EXPLAIN indexes=1 SELECT page, toStartOfHour(timestamp) AS hour, count(), avg(duration_ms) FROM exp02_projections.web_analytics_proj GROUP BY page, hour ORDER BY page, hour LIMIT 10 FORMAT PrettyCompact"
"2026-02-14 17:13:02",10,14,542,14,5120,184142,10983,9285,1135,0,0,"EXPLAIN indexes=1 SELECT country, count() FROM exp02_projections.web_analytics_proj WHERE country='DE' AND timestamp BETWEEN '2024-01-01' AND '2024-02-01' GROUP BY country FORMAT PrettyCompact"
"2026-02-14 17:13:02",1,1,16,1,136,71856,1918,1307,34,0,0,"SELECT count() FROM exp02_projections.hourly_stats_mv_target"
"2026-02-14 17:13:35",201,200000000,1149209600,10,57700,12457952,3672752,2640655,154638,218130,194948,"SELECT page, avg(duration_ms) AS avg_d FROM exp02_projections.web_analytics_base GROUP BY page ORDER BY avg_d DESC LIMIT 10 FORMAT Null"
"2026-02-14 17:13:35",184,200000000,1149209600,10,57700,12457776,3223389,2464389,138769,112807,179110,"SELECT page, avg(duration_ms) AS avg_d FROM exp02_projections.web_analytics_base GROUP BY page ORDER BY avg_d DESC LIMIT 10 FORMAT Null"
"2026-02-14 17:13:36",185,200000000,1149209600,10,57700,12457776,3268646,2546134,117315,116557,174758,"SELECT page, avg(duration_ms) AS avg_d FROM exp02_projections.web_analytics_base GROUP BY page ORDER BY avg_d DESC LIMIT 10 FORMAT Null"
"2026-02-14 17:13:36",213,200000000,1149209600,10,57700,12521344,3327047,2500701,137435,131464,229874,"SELECT page, avg(duration_ms) AS avg_d FROM exp02_projections.web_analytics_base GROUP BY page ORDER BY avg_d DESC LIMIT 10 FORMAT Null"
"2026-02-14 17:13:37",180,200000000,1149209600,10,57700,12457776,3187701,2416748,114381,115429,223410,"SELECT page, avg(duration_ms) AS avg_d FROM exp02_projections.web_analytics_base GROUP BY page ORDER BY avg_d DESC LIMIT 10 FORMAT Null"
"2026-02-14 17:13:37",181,200000000,1149209600,10,57700,12458160,3195945,2278727,116629,117129,344666,"SELECT page, avg(duration_ms) AS avg_d FROM exp02_projections.web_analytics_base GROUP BY page ORDER BY avg_d DESC LIMIT 10 FORMAT Null"
"2026-02-14 17:13:37",178,200000000,1149209600,10,57700,12457776,3142823,2409889,106609,109662,215338,"SELECT page, avg(duration_ms) AS avg_d FROM exp02_projections.web_analytics_base GROUP BY page ORDER BY avg_d DESC LIMIT 10 FORMAT Null"
"2026-02-14 17:13:38",184,200000000,1149209600,10,57700,12457776,3251956,2521802,118358,110754,182268,"SELECT page, avg(duration_ms) AS avg_d FROM exp02_projections.web_analytics_base GROUP BY page ORDER BY avg_d DESC LIMIT 10 FORMAT Null"
"2026-02-14 17:13:38",195,200000000,1149209600,10,57700,12457776,3446612,2570004,122440,126768,290911,"SELECT page, avg(duration_ms) AS avg_d FROM exp02_projections.web_analytics_base GROUP BY page ORDER BY avg_d DESC LIMIT 10 FORMAT Null"
"2026-02-14 17:13:39",234,200000000,1149209600,10,57700,12457776,4136544,2539314,134589,142774,788995,"SELECT page, avg(duration_ms) AS avg_d FROM exp02_projections.web_analytics_base GROUP BY page ORDER BY avg_d DESC LIMIT 10 FORMAT Null"
"2026-02-14 17:13:39",178,200000000,1149209600,10,57700,12457440,3109827,2424494,102636,115043,208139,"SELECT page, avg(duration_ms) AS avg_d FROM exp02_projections.web_analytics_base GROUP BY page ORDER BY avg_d DESC LIMIT 10 FORMAT Null"
"2026-02-14 17:13:39",297,200000000,1149209600,10,57700,12457776,5278767,2591880,152352,249096,1824725,"SELECT page, avg(duration_ms) AS avg_d FROM exp02_projections.web_analytics_base GROUP BY page ORDER BY avg_d DESC LIMIT 10 FORMAT Null"
"2026-02-14 17:13:39",186,200000000,1149209600,10,57700,12457440,3285993,2538203,127555,122834,218655,"SELECT page, avg(duration_ms) AS avg_d FROM exp02_projections.web_analytics_base GROUP BY page ORDER BY avg_d DESC LIMIT 10 FORMAT Null"
"2026-02-14 17:13:40",252,200000000,1149209600,10,57700,12457776,4386976,2598754,100744,113256,943186,"SELECT page, avg(duration_ms) AS avg_d FROM exp02_projections.web_analytics_base GROUP BY page ORDER BY avg_d DESC LIMIT 10 FORMAT Null"
"2026-02-14 17:13:40",305,200000000,1149209600,10,57700,12457776,5429722,2701872,122980,206151,1897132,"SELECT page, avg(duration_ms) AS avg_d FROM exp02_projections.web_analytics_base GROUP BY page ORDER BY avg_d DESC LIMIT 10 FORMAT Null"
"2026-02-14 17:13:40",201,200000000,1149209600,10,57700,12457440,3480403,2475008,131908,130598,346018,"SELECT page, avg(duration_ms) AS avg_d FROM exp02_projections.web_analytics_base GROUP BY page ORDER BY avg_d DESC LIMIT 10 FORMAT Null"
"2026-02-14 17:13:41",218,200000000,1149209600,10,57700,12457776,3817427,2470872,122405,127836,736935,"SELECT page, avg(duration_ms) AS avg_d FROM exp02_projections.web_analytics_base GROUP BY page ORDER BY avg_d DESC LIMIT 10 FORMAT Null"
"2026-02-14 17:13:41",285,200000000,1149209600,10,57700,12457776,5071975,2460904,101638,181776,1870407,"SELECT page, avg(duration_ms) AS avg_d FROM exp02_projections.web_analytics_base GROUP BY page ORDER BY avg_d DESC LIMIT 10 FORMAT Null"
"2026-02-14 17:13:41",174,200000000,1149209600,10,57700,12457440,3067260,2413130,103266,115070,184714,"SELECT page, avg(duration_ms) AS avg_d FROM exp02_projections.web_analytics_base GROUP BY page ORDER BY avg_d DESC LIMIT 10 FORMAT Null"
"2026-02-14 17:13:41",265,200000000,1149209600,10,57700,12457776,4487262,2652851,119263,146281,1084985,"SELECT page, avg(duration_ms) AS avg_d FROM exp02_projections.web_analytics_base GROUP BY page ORDER BY avg_d DESC LIMIT 10 FORMAT Null"
"2026-02-14 17:13:42",223,200000000,1149209600,10,57700,12457776,3943222,2398393,127946,143090,912068,"SELECT page, avg(duration_ms) AS avg_d FROM exp02_projections.web_analytics_base GROUP BY page ORDER BY avg_d DESC LIMIT 10 FORMAT Null"
"2026-02-14 17:13:42",27,8760000,225564544,10,57700,33680514,431287,249405,20841,20866,15890,"SELECT page, avg(duration_ms) AS avg_d FROM exp02_projections.web_analytics_proj GROUP BY page ORDER BY avg_d DESC LIMIT 10 FORMAT Null"
"2026-02-14 17:13:42",23,8760000,225564544,10,57700,33679202,359636,251035,14834,9793,8190,"SELECT page, avg(duration_ms) AS avg_d FROM exp02_projections.web_analytics_proj GROUP BY page ORDER BY avg_d DESC LIMIT 10 FORMAT Null"
"2026-02-14 17:13:43",25,8760000,225564544,10,57700,33679202,358811,231650,16033,8953,23998,"SELECT page, avg(duration_ms) AS avg_d FROM exp02_projections.web_analytics_proj GROUP BY page ORDER BY avg_d DESC LIMIT 10 FORMAT Null"
"2026-02-14 17:13:43",54,8760000,225564544,10,57700,33679202,862587,257365,20254,26418,219440,"SELECT page, avg(duration_ms) AS avg_d FROM exp02_projections.web_analytics_proj GROUP BY page ORDER BY avg_d DESC LIMIT 10 FORMAT Null"
"2026-02-14 17:13:43",28,8760000,225564544,10,57700,33679202,425503,241539,20049,13087,34068,"SELECT page, avg(duration_ms) AS avg_d FROM exp02_projections.web_analytics_proj GROUP BY page ORDER BY avg_d DESC LIMIT 10 FORMAT Null"
"2026-02-14 17:13:44",67,8760000,225564544,10,57700,33679202,1002781,258515,21105,20853,384132,"SELECT page, avg(duration_ms) AS avg_d FROM exp02_projections.web_analytics_proj GROUP BY page ORDER BY avg_d DESC LIMIT 10 FORMAT Null"
"2026-02-14 17:13:44",60,8760000,225564544,10,57700,33679202,901571,252379,11727,15770,310583,"SELECT page, avg(duration_ms) AS avg_d FROM exp02_projections.web_analytics_proj GROUP BY page ORDER BY avg_d DESC LIMIT 10 FORMAT Null"
"2026-02-14 17:13:44",27,8760000,225564544,10,57700,33679202,407999,228575,14392,9041,26884,"SELECT page, avg(duration_ms) AS avg_d FROM exp02_projections.web_analytics_proj GROUP BY page ORDER BY avg_d DESC LIMIT 10 FORMAT Null"
"2026-02-14 17:13:44",81,8760000,225564544,10,57700,33679202,1061669,249830,16524,26546,396523,"SELECT page, avg(duration_ms) AS avg_d FROM exp02_projections.web_analytics_proj GROUP BY page ORDER BY avg_d DESC LIMIT 10 FORMAT Null"
"2026-02-14 17:13:45",25,8760000,225564544,10,57700,33679202,385268,249656,23396,9612,15868,"SELECT page, avg(duration_ms) AS avg_d FROM exp02_projections.web_analytics_proj GROUP BY page ORDER BY avg_d DESC LIMIT 10 FORMAT Null"
"2026-02-14 17:13:45",26,8760000,225564544,10,57700,33679202,373168,255951,12730,10447,7746,"SELECT page, avg(duration_ms) AS avg_d FROM exp02_projections.web_analytics_proj GROUP BY page ORDER BY avg_d DESC LIMIT 10 FORMAT Null"
"2026-02-14 17:13:45",35,8760000,225564544,10,57700,33678866,504660,251833,32206,14165,87323,"SELECT page, avg(duration_ms) AS avg_d FROM exp02_projections.web_analytics_proj GROUP BY page ORDER BY avg_d DESC LIMIT 10 FORMAT Null"
"2026-02-14 17:13:45",31,8760000,225564544,10,57700,33678866,458295,231870,21477,14304,69785,"SELECT page, avg(duration_ms) AS avg_d FROM exp02_projections.web_analytics_proj GROUP BY page ORDER BY avg_d DESC LIMIT 10 FORMAT Null"
"2026-02-14 17:13:45",34,8760000,225564544,10,57700,33678866,523616,258492,21271,14198,103161,"SELECT page, avg(duration_ms) AS avg_d FROM exp02_projections.web_analytics_proj GROUP BY page ORDER BY avg_d DESC LIMIT 10 FORMAT Null"
"2026-02-14 17:13:45",32,8760000,225564544,10,57700,33678866,471562,256359,14225,12282,62304,"SELECT page, avg(duration_ms) AS avg_d FROM exp02_projections.web_analytics_proj GROUP BY page ORDER BY avg_d DESC LIMIT 10 FORMAT Null"
"2026-02-14 17:13:45",24,8760000,225564544,10,57700,33678866,364178,245368,23624,13358,23385,"SELECT page, avg(duration_ms) AS avg_d FROM exp02_projections.web_analytics_proj GROUP BY page ORDER BY avg_d DESC LIMIT 10 FORMAT Null"
"2026-02-14 17:13:45",27,8760000,225564544,10,57700,33679202,409074,251964,10430,10485,22132,"SELECT page, avg(duration_ms) AS avg_d FROM exp02_projections.web_analytics_proj GROUP BY page ORDER BY avg_d DESC LIMIT 10 FORMAT Null"
"2026-02-14 17:13:46",66,8760000,225564544,10,57700,31565136,861262,274438,13689,14451,240792,"SELECT page, avg(duration_ms) AS avg_d FROM exp02_projections.web_analytics_proj GROUP BY page ORDER BY avg_d DESC LIMIT 10 FORMAT Null"
"2026-02-14 17:13:46",25,8760000,225564544,10,57700,33678866,364461,247186,14863,10930,22108,"SELECT page, avg(duration_ms) AS avg_d FROM exp02_projections.web_analytics_proj GROUP BY page ORDER BY avg_d DESC LIMIT 10 FORMAT Null"
"2026-02-14 17:13:46",24,8760000,225564544,10,57700,33679202,365872,210658,14848,9332,28540,"SELECT page, avg(duration_ms) AS avg_d FROM exp02_projections.web_analytics_proj GROUP BY page ORDER BY avg_d DESC LIMIT 10 FORMAT Null"
"2026-02-14 17:13:46",23,8760000,225564544,10,57700,33678866,348892,251802,9201,10290,7495,"SELECT page, avg(duration_ms) AS avg_d FROM exp02_projections.web_analytics_proj GROUP BY page ORDER BY avg_d DESC LIMIT 10 FORMAT Null"
"2026-02-14 17:13:46",26,8760000,225564544,10,57700,33655996,405455,252698,10999,13610,13366,"SELECT page, avgMerge(avg_duration) AS avg_d FROM exp02_projections.hourly_stats_mv_target GROUP BY page ORDER BY avg_d DESC LIMIT 10 FORMAT Null"
"2026-02-14 17:13:46",23,8760000,225564544,10,57700,33656060,346326,238461,16115,8520,15395,"SELECT page, avgMerge(avg_duration) AS avg_d FROM exp02_projections.hourly_stats_mv_target GROUP BY page ORDER BY avg_d DESC LIMIT 10 FORMAT Null"
"2026-02-14 17:13:47",24,8760000,225564544,10,57700,33656060,365101,241834,11972,8800,21278,"SELECT page, avgMerge(avg_duration) AS avg_d FROM exp02_projections.hourly_stats_mv_target GROUP BY page ORDER BY avg_d DESC LIMIT 10 FORMAT Null"
"2026-02-14 17:13:47",52,8760000,225564544,10,57700,33656060,826204,258806,16389,15920,310809,"SELECT page, avgMerge(avg_duration) AS avg_d FROM exp02_projections.hourly_stats_mv_target GROUP BY page ORDER BY avg_d DESC LIMIT 10 FORMAT Null"
"2026-02-14 17:13:47",32,8760000,225564544,10,57700,33656060,422057,233635,21755,8812,60956,"SELECT page, avgMerge(avg_duration) AS avg_d FROM exp02_projections.hourly_stats_mv_target GROUP BY page ORDER BY avg_d DESC LIMIT 10 FORMAT Null"
"2026-02-14 17:13:47",22,8760000,225564544,10,57700,33656060,331633,216170,13476,8121,11862,"SELECT page, avgMerge(avg_duration) AS avg_d FROM exp02_projections.hourly_stats_mv_target GROUP BY page ORDER BY avg_d DESC LIMIT 10 FORMAT Null"
"2026-02-14 17:13:48",26,8760000,225564544,10,57700,33656060,406223,233442,18506,9372,23733,"SELECT page, avgMerge(avg_duration) AS avg_d FROM exp02_projections.hourly_stats_mv_target GROUP BY page ORDER BY avg_d DESC LIMIT 10 FORMAT Null"
"2026-02-14 17:13:48",23,8760000,225564544,10,57700,33656060,346918,223983,19530,12364,14896,"SELECT page, avgMerge(avg_duration) AS avg_d FROM exp02_projections.hourly_stats_mv_target GROUP BY page ORDER BY avg_d DESC LIMIT 10 FORMAT Null"
"2026-02-14 17:13:48",23,8760000,225564544,10,57700,33656060,356340,230903,12152,9224,26120,"SELECT page, avgMerge(avg_duration) AS avg_d FROM exp02_projections.hourly_stats_mv_target GROUP BY page ORDER BY avg_d DESC LIMIT 10 FORMAT Null"
"2026-02-14 17:13:48",29,8760000,225564544,10,57700,33656220,449923,248485,14022,17053,53374,"SELECT page, avgMerge(avg_duration) AS avg_d FROM exp02_projections.hourly_stats_mv_target GROUP BY page ORDER BY avg_d DESC LIMIT 10 FORMAT Null"
"2026-02-14 17:13:49",56,8760000,225564544,10,57700,33655724,812974,240180,13030,8418,289010,"SELECT page, avgMerge(avg_duration) AS avg_d FROM exp02_projections.hourly_stats_mv_target GROUP BY page ORDER BY avg_d DESC LIMIT 10 FORMAT Null"
"2026-02-14 17:13:49",23,8760000,225564544,10,57700,33655724,340756,227892,17963,8732,14864,"SELECT page, avgMerge(avg_duration) AS avg_d FROM exp02_projections.hourly_stats_mv_target GROUP BY page ORDER BY avg_d DESC LIMIT 10 FORMAT Null"
"2026-02-14 17:13:49",22,8760000,225564544,10,57700,33655724,318672,212412,16215,7903,11358,"SELECT page, avgMerge(avg_duration) AS avg_d FROM exp02_projections.hourly_stats_mv_target GROUP BY page ORDER BY avg_d DESC LIMIT 10 FORMAT Null"
"2026-02-14 17:13:49",47,8760000,225564544,10,57700,33655724,739151,240922,17614,9777,249283,"SELECT page, avgMerge(avg_duration) AS avg_d FROM exp02_projections.hourly_stats_mv_target GROUP BY page ORDER BY avg_d DESC LIMIT 10 FORMAT Null"
"2026-02-14 17:13:49",23,8760000,225564544,10,57700,33655724,337155,224039,9990,8335,14095,"SELECT page, avgMerge(avg_duration) AS avg_d FROM exp02_projections.hourly_stats_mv_target GROUP BY page ORDER BY avg_d DESC LIMIT 10 FORMAT Null"
"2026-02-14 17:13:49",54,8760000,225564544,10,57700,23090223,776438,205974,17138,20698,338803,"SELECT page, avgMerge(avg_duration) AS avg_d FROM exp02_projections.hourly_stats_mv_target GROUP BY page ORDER BY avg_d DESC LIMIT 10 FORMAT Null"
"2026-02-14 17:13:49",36,8760000,225564544,10,57700,33655724,519490,214605,16791,8355,134189,"SELECT page, avgMerge(avg_duration) AS avg_d FROM exp02_projections.hourly_stats_mv_target GROUP BY page ORDER BY avg_d DESC LIMIT 10 FORMAT Null"
"2026-02-14 17:13:49",21,8760000,225564544,10,57700,33655724,315064,216468,12315,7470,14497,"SELECT page, avgMerge(avg_duration) AS avg_d FROM exp02_projections.hourly_stats_mv_target GROUP BY page ORDER BY avg_d DESC LIMIT 10 FORMAT Null"
"2026-02-14 17:13:49",67,8760000,225564544,10,57700,33655724,1056466,249409,18269,45739,496671,"SELECT page, avgMerge(avg_duration) AS avg_d FROM exp02_projections.hourly_stats_mv_target GROUP BY page ORDER BY avg_d DESC LIMIT 10 FORMAT Null"
"2026-02-14 17:13:50",27,8760000,225564544,10,57700,33655884,401804,228115,8468,8309,23649,"SELECT page, avgMerge(avg_duration) AS avg_d FROM exp02_projections.hourly_stats_mv_target GROUP BY page ORDER BY avg_d DESC LIMIT 10 FORMAT Null"
"2026-02-14 17:13:50",24,8760000,225564544,10,57700,33655724,315253,215392,6889,7800,13818,"SELECT page, avgMerge(avg_duration) AS avg_d FROM exp02_projections.hourly_stats_mv_target GROUP BY page ORDER BY avg_d DESC LIMIT 10 FORMAT Null"
"2026-02-14 17:14:01",7,1896861,1897505,10,43761,4579049,64118,11904,7095,621,660,"SELECT DISTINCT page FROM exp02_projections.web_analytics_base LIMIT 10"
"2026-02-14 17:14:05",56,2158878,2158878,10,84097,2660379,885371,105048,3026,15131,176232,"SELECT DISTINCT country FROM exp02_projections.web_analytics_base LIMIT 10"
"2026-02-14 17:14:22",26,16384,147456,1,272,557058,342963,8353,1356,1266,22208,"SELECT count(), avg(duration_ms) FROM exp02_projections.web_analytics_base WHERE page='/page/0' AND timestamp BETWEEN '2024-01-15' AND '2024-01-16' FORMAT Null"
"2026-02-14 17:14:22",8,16384,147456,1,272,553458,73829,7995,1257,72,15,"SELECT count(), avg(duration_ms) FROM exp02_projections.web_analytics_base WHERE page='/page/0' AND timestamp BETWEEN '2024-01-15' AND '2024-01-16' FORMAT Null"
"2026-02-14 17:14:22",10,16384,147456,1,272,553458,107140,11125,105,76,101,"SELECT count(), avg(duration_ms) FROM exp02_projections.web_analytics_base WHERE page='/page/0' AND timestamp BETWEEN '2024-01-15' AND '2024-01-16' FORMAT Null"
"2026-02-14 17:14:23",8,16384,147456,1,272,553458,87297,7246,1938,73,78,"SELECT count(), avg(duration_ms) FROM exp02_projections.web_analytics_base WHERE page='/page/0' AND timestamp BETWEEN '2024-01-15' AND '2024-01-16' FORMAT Null"
"2026-02-14 17:14:23",9,16384,147456,1,272,553458,108356,9577,1198,74,10,"SELECT count(), avg(duration_ms) FROM exp02_projections.web_analytics_base WHERE page='/page/0' AND timestamp BETWEEN '2024-01-15' AND '2024-01-16' FORMAT Null"
"2026-02-14 17:14:23",7,16384,147456,1,272,553458,81652,8437,56,57,14,"SELECT count(), avg(duration_ms) FROM exp02_projections.web_analytics_base WHERE page='/page/0' AND timestamp BETWEEN '2024-01-15' AND '2024-01-16' FORMAT Null"
"2026-02-14 17:14:23",8,16384,147456,1,272,553458,95818,7435,2050,97,0,"SELECT count(), avg(duration_ms) FROM exp02_projections.web_analytics_base WHERE page='/page/0' AND timestamp BETWEEN '2024-01-15' AND '2024-01-16' FORMAT Null"
"2026-02-14 17:14:24",9,16384,147456,1,272,553458,99009,9216,1153,81,26,"SELECT count(), avg(duration_ms) FROM exp02_projections.web_analytics_base WHERE page='/page/0' AND timestamp BETWEEN '2024-01-15' AND '2024-01-16' FORMAT Null"
"2026-02-14 17:14:24",9,16384,147456,1,272,553458,85450,8007,1862,65,59,"SELECT count(), avg(duration_ms) FROM exp02_projections.web_analytics_base WHERE page='/page/0' AND timestamp BETWEEN '2024-01-15' AND '2024-01-16' FORMAT Null"
"2026-02-14 17:14:24",9,16384,147456,1,272,553458,99902,9206,1320,85,0,"SELECT count(), avg(duration_ms) FROM exp02_projections.web_analytics_base WHERE page='/page/0' AND timestamp BETWEEN '2024-01-15' AND '2024-01-16' FORMAT Null"
"2026-02-14 17:14:24",5,16384,147456,1,272,553010,21351,5670,395,50,0,"SELECT count(), avg(duration_ms) FROM exp02_projections.web_analytics_base WHERE page='/page/0' AND timestamp BETWEEN '2024-01-15' AND '2024-01-16' FORMAT Null"
"2026-02-14 17:14:24",4,16384,147456,1,272,553010,20136,3013,2675,21,26,"SELECT count(), avg(duration_ms) FROM exp02_projections.web_analytics_base WHERE page='/page/0' AND timestamp BETWEEN '2024-01-15' AND '2024-01-16' FORMAT Null"
"2026-02-14 17:14:24",9,16384,147456,1,272,553458,97671,7166,2713,72,22,"SELECT count(), avg(duration_ms) FROM exp02_projections.web_analytics_base WHERE page='/page/0' AND timestamp BETWEEN '2024-01-15' AND '2024-01-16' FORMAT Null"
"2026-02-14 17:14:24",5,16384,147456,1,272,553010,22458,3881,2101,35,0,"SELECT count(), avg(duration_ms) FROM exp02_projections.web_analytics_base WHERE page='/page/0' AND timestamp BETWEEN '2024-01-15' AND '2024-01-16' FORMAT Null"
"2026-02-14 17:14:24",4,16384,147456,1,272,553010,19250,4204,1302,20,8,"SELECT count(), avg(duration_ms) FROM exp02_projections.web_analytics_base WHERE page='/page/0' AND timestamp BETWEEN '2024-01-15' AND '2024-01-16' FORMAT Null"
"2026-02-14 17:14:24",5,16384,147456,1,272,553010,20678,4192,1885,25,72,"SELECT count(), avg(duration_ms) FROM exp02_projections.web_analytics_base WHERE page='/page/0' AND timestamp BETWEEN '2024-01-15' AND '2024-01-16' FORMAT Null"
"2026-02-14 17:14:24",5,16384,147456,1,272,553010,21145,5355,1071,25,0,"SELECT count(), avg(duration_ms) FROM exp02_projections.web_analytics_base WHERE page='/page/0' AND timestamp BETWEEN '2024-01-15' AND '2024-01-16' FORMAT Null"
"2026-02-14 17:14:25",5,16384,147456,1,272,553170,21461,4711,1278,29,0,"SELECT count(), avg(duration_ms) FROM exp02_projections.web_analytics_base WHERE page='/page/0' AND timestamp BETWEEN '2024-01-15' AND '2024-01-16' FORMAT Null"
"2026-02-14 17:14:25",4,16384,147456,1,272,553010,18932,4061,1028,25,0,"SELECT count(), avg(duration_ms) FROM exp02_projections.web_analytics_base WHERE page='/page/0' AND timestamp BETWEEN '2024-01-15' AND '2024-01-16' FORMAT Null"
"2026-02-14 17:14:25",5,16384,147456,1,272,553010,19041,4790,1422,23,0,"SELECT count(), avg(duration_ms) FROM exp02_projections.web_analytics_base WHERE page='/page/0' AND timestamp BETWEEN '2024-01-15' AND '2024-01-16' FORMAT Null"
"2026-02-14 17:14:25",6,16384,147456,1,272,553010,18881,3726,2809,42,0,"SELECT count(), avg(duration_ms) FROM exp02_projections.web_analytics_base WHERE page='/page/0' AND timestamp BETWEEN '2024-01-15' AND '2024-01-16' FORMAT Null"
"2026-02-14 17:14:25",13,16384,147456,1,272,561957,157607,9979,1859,2573,8,"SELECT count(), avg(duration_ms) FROM exp02_projections.web_analytics_proj WHERE page='/page/0' AND timestamp BETWEEN '2024-01-15' AND '2024-01-16' FORMAT Null"
"2026-02-14 17:14:25",9,16384,147456,1,272,557909,86248,9493,1073,62,16,"SELECT count(), avg(duration_ms) FROM exp02_projections.web_analytics_proj WHERE page='/page/0' AND timestamp BETWEEN '2024-01-15' AND '2024-01-16' FORMAT Null"
"2026-02-14 17:14:25",10,16384,147456,1,272,557909,97207,9615,1723,69,16,"SELECT count(), avg(duration_ms) FROM exp02_projections.web_analytics_proj WHERE page='/page/0' AND timestamp BETWEEN '2024-01-15' AND '2024-01-16' FORMAT Null"
"2026-02-14 17:14:26",9,16384,147456,1,272,557909,82278,9533,565,57,0,"SELECT count(), avg(duration_ms) FROM exp02_projections.web_analytics_proj WHERE page='/page/0' AND timestamp BETWEEN '2024-01-15' AND '2024-01-16' FORMAT Null"
"2026-02-14 17:14:26",18,16384,147456,1,272,557909,177955,10603,2420,94,5314,"SELECT count(), avg(duration_ms) FROM exp02_projections.web_analytics_proj WHERE page='/page/0' AND timestamp BETWEEN '2024-01-15' AND '2024-01-16' FORMAT Null"
"2026-02-14 17:14:26",10,16384,147456,1,272,557909,91987,8999,2206,91,143,"SELECT count(), avg(duration_ms) FROM exp02_projections.web_analytics_proj WHERE page='/page/0' AND timestamp BETWEEN '2024-01-15' AND '2024-01-16' FORMAT Null"
"2026-02-14 17:14:26",9,16384,147456,1,272,557909,89041,7921,2367,64,45,"SELECT count(), avg(duration_ms) FROM exp02_projections.web_analytics_proj WHERE page='/page/0' AND timestamp BETWEEN '2024-01-15' AND '2024-01-16' FORMAT Null"
"2026-02-14 17:14:27",10,16384,147456,1,272,557909,85344,8571,2227,59,0,"SELECT count(), avg(duration_ms) FROM exp02_projections.web_analytics_proj WHERE page='/page/0' AND timestamp BETWEEN '2024-01-15' AND '2024-01-16' FORMAT Null"
"2026-02-14 17:14:27",10,16384,147456,1,272,557909,82399,9239,1460,64,0,"SELECT count(), avg(duration_ms) FROM exp02_projections.web_analytics_proj WHERE page='/page/0' AND timestamp BETWEEN '2024-01-15' AND '2024-01-16' FORMAT Null"
"2026-02-14 17:14:27",18,16384,147456,1,272,557909,63333,8366,1841,62,12694,"SELECT count(), avg(duration_ms) FROM exp02_projections.web_analytics_proj WHERE page='/page/0' AND timestamp BETWEEN '2024-01-15' AND '2024-01-16' FORMAT Null"
"2026-02-14 17:14:27",6,16384,147456,1,272,557461,23166,6899,430,30,34,"SELECT count(), avg(duration_ms) FROM exp02_projections.web_analytics_proj WHERE page='/page/0' AND timestamp BETWEEN '2024-01-15' AND '2024-01-16' FORMAT Null"
"2026-02-14 17:14:27",7,16384,147456,1,272,557461,29659,7803,315,41,47,"SELECT count(), avg(duration_ms) FROM exp02_projections.web_analytics_proj WHERE page='/page/0' AND timestamp BETWEEN '2024-01-15' AND '2024-01-16' FORMAT Null"
"2026-02-14 17:14:27",10,16384,147456,1,272,557909,88601,7804,3763,61,114,"SELECT count(), avg(duration_ms) FROM exp02_projections.web_analytics_proj WHERE page='/page/0' AND timestamp BETWEEN '2024-01-15' AND '2024-01-16' FORMAT Null"
"2026-02-14 17:14:27",9,16384,147456,1,272,557461,23819,5939,1194,23,1560,"SELECT count(), avg(duration_ms) FROM exp02_projections.web_analytics_proj WHERE page='/page/0' AND timestamp BETWEEN '2024-01-15' AND '2024-01-16' FORMAT Null"
"2026-02-14 17:14:27",5,16384,147456,1,272,557461,17251,5009,885,21,64,"SELECT count(), avg(duration_ms) FROM exp02_projections.web_analytics_proj WHERE page='/page/0' AND timestamp BETWEEN '2024-01-15' AND '2024-01-16' FORMAT Null"
"2026-02-14 17:14:28",6,16384,147456,1,272,557461,22404,7110,360,39,0,"SELECT count(), avg(duration_ms) FROM exp02_projections.web_analytics_proj WHERE page='/page/0' AND timestamp BETWEEN '2024-01-15' AND '2024-01-16' FORMAT Null"
"2026-02-14 17:14:28",9,16384,147456,1,272,557909,81912,9039,895,55,21,"SELECT count(), avg(duration_ms) FROM exp02_projections.web_analytics_proj WHERE page='/page/0' AND timestamp BETWEEN '2024-01-15' AND '2024-01-16' FORMAT Null"
"2026-02-14 17:14:28",5,16384,147456,1,272,557461,17414,6139,178,25,47,"SELECT count(), avg(duration_ms) FROM exp02_projections.web_analytics_proj WHERE page='/page/0' AND timestamp BETWEEN '2024-01-15' AND '2024-01-16' FORMAT Null"
"2026-02-14 17:14:28",6,16384,147456,1,272,557461,20219,6799,187,27,162,"SELECT count(), avg(duration_ms) FROM exp02_projections.web_analytics_proj WHERE page='/page/0' AND timestamp BETWEEN '2024-01-15' AND '2024-01-16' FORMAT Null"
"2026-02-14 17:14:28",5,16384,147456,1,272,557621,21640,5005,1215,26,0,"SELECT count(), avg(duration_ms) FROM exp02_projections.web_analytics_proj WHERE page='/page/0' AND timestamp BETWEEN '2024-01-15' AND '2024-01-16' FORMAT Null"
"2026-02-14 17:14:28",11,16384,147456,1,272,557909,115200,11401,936,71,3,"SELECT count(), avg(duration_ms) FROM exp02_projections.web_analytics_proj WHERE page='/page/0' AND timestamp BETWEEN '2024-01-15' AND '2024-01-16' FORMAT Null"
"2026-02-14 17:14:28",15,16384,81304,1,272,826197,73805,5128,766,1148,8934,"SELECT countMerge(hits), avgMerge(avg_duration) FROM exp02_projections.hourly_stats_mv_target WHERE page='/page/0' AND hour BETWEEN '2024-01-15' AND '2024-01-16' FORMAT Null"
"2026-02-14 17:14:28",4,16384,81304,1,272,825445,26070,4679,989,49,73,"SELECT countMerge(hits), avgMerge(avg_duration) FROM exp02_projections.hourly_stats_mv_target WHERE page='/page/0' AND hour BETWEEN '2024-01-15' AND '2024-01-16' FORMAT Null"
"2026-02-14 17:14:29",11,16384,81304,1,272,825445,78457,5129,1328,55,5968,"SELECT countMerge(hits), avgMerge(avg_duration) FROM exp02_projections.hourly_stats_mv_target WHERE page='/page/0' AND hour BETWEEN '2024-01-15' AND '2024-01-16' FORMAT Null"
"2026-02-14 17:14:29",12,16384,81304,1,272,825445,47474,6411,373,86,2052,"SELECT countMerge(hits), avgMerge(avg_duration) FROM exp02_projections.hourly_stats_mv_target WHERE page='/page/0' AND hour BETWEEN '2024-01-15' AND '2024-01-16' FORMAT Null"
"2026-02-14 17:14:29",4,16384,81304,1,272,825445,25965,4637,842,47,61,"SELECT countMerge(hits), avgMerge(avg_duration) FROM exp02_projections.hourly_stats_mv_target WHERE page='/page/0' AND hour BETWEEN '2024-01-15' AND '2024-01-16' FORMAT Null"
"2026-02-14 17:14:29",21,16384,81304,1,272,825445,78643,4051,2479,83,22472,"SELECT countMerge(hits), avgMerge(avg_duration) FROM exp02_projections.hourly_stats_mv_target WHERE page='/page/0' AND hour BETWEEN '2024-01-15' AND '2024-01-16' FORMAT Null"
"2026-02-14 17:14:30",8,16384,81304,1,272,825445,28004,5935,391,55,973,"SELECT countMerge(hits), avgMerge(avg_duration) FROM exp02_projections.hourly_stats_mv_target WHERE page='/page/0' AND hour BETWEEN '2024-01-15' AND '2024-01-16' FORMAT Null"
"2026-02-14 17:14:30",5,16384,81304,1,272,825445,25767,4061,1572,62,16,"SELECT countMerge(hits), avgMerge(avg_duration) FROM exp02_projections.hourly_stats_mv_target WHERE page='/page/0' AND hour BETWEEN '2024-01-15' AND '2024-01-16' FORMAT Null"
"2026-02-14 17:14:30",7,16384,81304,1,272,825445,30750,4317,1980,146,3420,"SELECT countMerge(hits), avgMerge(avg_duration) FROM exp02_projections.hourly_stats_mv_target WHERE page='/page/0' AND hour BETWEEN '2024-01-15' AND '2024-01-16' FORMAT Null"
"2026-02-14 17:14:30",6,16384,81304,1,272,825445,29722,5949,84,44,1374,"SELECT countMerge(hits), avgMerge(avg_duration) FROM exp02_projections.hourly_stats_mv_target WHERE page='/page/0' AND hour BETWEEN '2024-01-15' AND '2024-01-16' FORMAT Null"
"2026-02-14 17:14:30",4,16384,81304,1,272,824885,20703,4743,822,65,24,"SELECT countMerge(hits), avgMerge(avg_duration) FROM exp02_projections.hourly_stats_mv_target WHERE page='/page/0' AND hour BETWEEN '2024-01-15' AND '2024-01-16' FORMAT Null"
"2026-02-14 17:14:31",5,16384,81304,1,272,825445,27052,4891,1040,48,0,"SELECT countMerge(hits), avgMerge(avg_duration) FROM exp02_projections.hourly_stats_mv_target WHERE page='/page/0' AND hour BETWEEN '2024-01-15' AND '2024-01-16' FORMAT Null"
"2026-02-14 17:14:31",4,16384,81304,1,272,824885,18451,3982,787,39,16,"SELECT countMerge(hits), avgMerge(avg_duration) FROM exp02_projections.hourly_stats_mv_target WHERE page='/page/0' AND hour BETWEEN '2024-01-15' AND '2024-01-16' FORMAT Null"
"2026-02-14 17:14:31",13,16384,81304,1,272,824885,54266,4704,679,36,9061,"SELECT countMerge(hits), avgMerge(avg_duration) FROM exp02_projections.hourly_stats_mv_target WHERE page='/page/0' AND hour BETWEEN '2024-01-15' AND '2024-01-16' FORMAT Null"
"2026-02-14 17:14:31",15,16384,81304,1,272,824885,58431,4687,1375,40,8211,"SELECT countMerge(hits), avgMerge(avg_duration) FROM exp02_projections.hourly_stats_mv_target WHERE page='/page/0' AND hour BETWEEN '2024-01-15' AND '2024-01-16' FORMAT Null"
"2026-02-14 17:14:31",4,16384,81304,1,272,824885,17524,4515,366,42,356,"SELECT countMerge(hits), avgMerge(avg_duration) FROM exp02_projections.hourly_stats_mv_target WHERE page='/page/0' AND hour BETWEEN '2024-01-15' AND '2024-01-16' FORMAT Null"
"2026-02-14 17:14:31",4,16384,81304,1,272,824885,18017,4049,1768,48,0,"SELECT countMerge(hits), avgMerge(avg_duration) FROM exp02_projections.hourly_stats_mv_target WHERE page='/page/0' AND hour BETWEEN '2024-01-15' AND '2024-01-16' FORMAT Null"
"2026-02-14 17:14:31",5,16384,81304,1,272,825445,29277,5306,788,52,31,"SELECT countMerge(hits), avgMerge(avg_duration) FROM exp02_projections.hourly_stats_mv_target WHERE page='/page/0' AND hour BETWEEN '2024-01-15' AND '2024-01-16' FORMAT Null"
"2026-02-14 17:14:31",21,16384,81304,1,272,824885,68179,4336,785,43,14102,"SELECT countMerge(hits), avgMerge(avg_duration) FROM exp02_projections.hourly_stats_mv_target WHERE page='/page/0' AND hour BETWEEN '2024-01-15' AND '2024-01-16' FORMAT Null"
"2026-02-14 17:14:31",14,16384,81304,1,272,824885,65751,4863,1389,52,14433,"SELECT countMerge(hits), avgMerge(avg_duration) FROM exp02_projections.hourly_stats_mv_target WHERE page='/page/0' AND hour BETWEEN '2024-01-15' AND '2024-01-16' FORMAT Null"
"2026-02-14 17:14:31",7,16384,81304,1,272,824885,27519,3976,735,37,1504,"SELECT countMerge(hits), avgMerge(avg_duration) FROM exp02_projections.hourly_stats_mv_target WHERE page='/page/0' AND hour BETWEEN '2024-01-15' AND '2024-01-16' FORMAT Null"
"2026-02-14 17:14:31",69,25067520,29644038,1,272,6070039,1011110,162125,13622,40827,262294,"SELECT count(), avg(duration_ms) FROM exp02_projections.web_analytics_base WHERE country='US' AND timestamp BETWEEN '2024-01-01' AND '2024-02-01' FORMAT Null"
"2026-02-14 17:14:32",13,1507328,6792934,1,272,5213879,158580,39991,8042,3318,349,"SELECT count(), avg(duration_ms) FROM exp02_projections.web_analytics_base WHERE country='US' AND timestamp BETWEEN '2024-01-01' AND '2024-02-01' FORMAT Null"
"2026-02-14 17:14:32",45,1245184,6219478,1,272,4100750,494857,39890,6831,2141,63921,"SELECT count(), avg(duration_ms) FROM exp02_projections.web_analytics_base WHERE country='US' AND timestamp BETWEEN '2024-01-01' AND '2024-02-01' FORMAT Null"
"2026-02-14 17:14:32",12,1187840,6283930,1,272,4852733,144084,39322,5742,2542,368,"SELECT count(), avg(duration_ms) FROM exp02_projections.web_analytics_base WHERE country='US' AND timestamp BETWEEN '2024-01-01' AND '2024-02-01' FORMAT Null"
"2026-02-14 17:14:33",18,1114112,6327772,1,272,3891082,172499,36649,9023,2158,14892,"SELECT count(), avg(duration_ms) FROM exp02_projections.web_analytics_base WHERE country='US' AND timestamp BETWEEN '2024-01-01' AND '2024-02-01' FORMAT Null"
"2026-02-14 17:14:33",40,1015808,6154472,1,272,1658088,471860,38253,4281,2596,53590,"SELECT count(), avg(duration_ms) FROM exp02_projections.web_analytics_base WHERE country='US' AND timestamp BETWEEN '2024-01-01' AND '2024-02-01' FORMAT Null"
"2026-02-14 17:14:33",12,1015808,6154472,1,272,5083037,138591,33728,7734,1574,219,"SELECT count(), avg(duration_ms) FROM exp02_projections.web_analytics_base WHERE country='US' AND timestamp BETWEEN '2024-01-01' AND '2024-02-01' FORMAT Null"
"2026-02-14 17:14:33",34,1015808,6154472,1,272,3608629,263255,37118,3935,1293,69919,"SELECT count(), avg(duration_ms) FROM exp02_projections.web_analytics_base WHERE country='US' AND timestamp BETWEEN '2024-01-01' AND '2024-02-01' FORMAT Null"
"2026-02-14 17:14:34",13,1015808,6154472,1,272,5083149,156645,38348,5218,1708,14,"SELECT count(), avg(duration_ms) FROM exp02_projections.web_analytics_base WHERE country='US' AND timestamp BETWEEN '2024-01-01' AND '2024-02-01' FORMAT Null"
"2026-02-14 17:14:34",36,1015808,6154472,1,272,4056546,372142,36447,2548,1455,52273,"SELECT count(), avg(duration_ms) FROM exp02_projections.web_analytics_base WHERE country='US' AND timestamp BETWEEN '2024-01-01' AND '2024-02-01' FORMAT Null"
"2026-02-14 17:14:34",10,1015808,6154472,1,272,2792397,81469,30592,3252,1392,4072,"SELECT count(), avg(duration_ms) FROM exp02_projections.web_analytics_base WHERE country='US' AND timestamp BETWEEN '2024-01-01' AND '2024-02-01' FORMAT Null"
"2026-02-14 17:14:34",8,1015808,6154472,1,272,4060778,77125,31968,3492,1396,292,"SELECT count(), avg(duration_ms) FROM exp02_projections.web_analytics_base WHERE country='US' AND timestamp BETWEEN '2024-01-01' AND '2024-02-01' FORMAT Null"
"2026-02-14 17:14:34",12,1015808,6154472,1,272,5083149,140761,35091,4711,1407,274,"SELECT count(), avg(duration_ms) FROM exp02_projections.web_analytics_base WHERE country='US' AND timestamp BETWEEN '2024-01-01' AND '2024-02-01' FORMAT Null"
"2026-02-14 17:14:34",16,1015808,6154472,1,272,4069477,96482,31670,4036,1417,13402,"SELECT count(), avg(duration_ms) FROM exp02_projections.web_analytics_base WHERE country='US' AND timestamp BETWEEN '2024-01-01' AND '2024-02-01' FORMAT Null"
"2026-02-14 17:14:34",36,1015808,6154472,1,272,5651585,442248,29383,9044,1517,52072,"SELECT count(), avg(duration_ms) FROM exp02_projections.web_analytics_base WHERE country='US' AND timestamp BETWEEN '2024-01-01' AND '2024-02-01' FORMAT Null"
"2026-02-14 17:14:35",10,1015808,6154472,1,272,4571998,77822,31765,4214,1369,186,"SELECT count(), avg(duration_ms) FROM exp02_projections.web_analytics_base WHERE country='US' AND timestamp BETWEEN '2024-01-01' AND '2024-02-01' FORMAT Null"
"2026-02-14 17:14:35",24,1015808,6154472,1,272,2707398,257199,27883,4052,1118,40052,"SELECT count(), avg(duration_ms) FROM exp02_projections.web_analytics_base WHERE country='US' AND timestamp BETWEEN '2024-01-01' AND '2024-02-01' FORMAT Null"
"2026-02-14 17:14:35",24,1015808,6154472,1,272,4629614,241702,29516,4013,1202,39218,"SELECT count(), avg(duration_ms) FROM exp02_projections.web_analytics_base WHERE country='US' AND timestamp BETWEEN '2024-01-01' AND '2024-02-01' FORMAT Null"
"2026-02-14 17:14:35",8,1015808,6154472,1,272,4571998,75055,32440,3241,1422,299,"SELECT count(), avg(duration_ms) FROM exp02_projections.web_analytics_base WHERE country='US' AND timestamp BETWEEN '2024-01-01' AND '2024-02-01' FORMAT Null"
"2026-02-14 17:14:35",25,1015808,6154472,1,272,5149552,261438,36147,2174,1378,45363,"SELECT count(), avg(duration_ms) FROM exp02_projections.web_analytics_base WHERE country='US' AND timestamp BETWEEN '2024-01-01' AND '2024-02-01' FORMAT Null"
"2026-02-14 17:14:35",35,1015808,6154472,1,272,2529440,308458,29843,4911,1274,53831,"SELECT count(), avg(duration_ms) FROM exp02_projections.web_analytics_base WHERE country='US' AND timestamp BETWEEN '2024-01-01' AND '2024-02-01' FORMAT Null"
"2026-02-14 17:14:35",47,344064,3096576,1,272,2494335,472648,26610,5929,26652,28220,"SELECT count(), avg(duration_ms) FROM exp02_projections.web_analytics_proj WHERE country='US' AND timestamp BETWEEN '2024-01-01' AND '2024-02-01' FORMAT Null"
"2026-02-14 17:14:36",26,344064,3096576,1,272,2708691,214565,19286,2267,567,23633,"SELECT count(), avg(duration_ms) FROM exp02_projections.web_analytics_proj WHERE country='US' AND timestamp BETWEEN '2024-01-01' AND '2024-02-01' FORMAT Null"
"2026-02-14 17:14:36",41,344064,3096576,1,272,1289405,256994,15695,4172,517,30703,"SELECT count(), avg(duration_ms) FROM exp02_projections.web_analytics_proj WHERE country='US' AND timestamp BETWEEN '2024-01-01' AND '2024-02-01' FORMAT Null"
"2026-02-14 17:14:36",39,344064,3096576,1,272,4021307,333095,21410,5244,587,40728,"SELECT count(), avg(duration_ms) FROM exp02_projections.web_analytics_proj WHERE country='US' AND timestamp BETWEEN '2024-01-01' AND '2024-02-01' FORMAT Null"
"2026-02-14 17:14:37",35,344064,3096576,1,272,2483327,300767,23432,275,507,25886,"SELECT count(), avg(duration_ms) FROM exp02_projections.web_analytics_proj WHERE country='US' AND timestamp BETWEEN '2024-01-01' AND '2024-02-01' FORMAT Null"
"2026-02-14 17:14:37",30,344064,3096576,1,272,1931491,131946,23232,1178,586,12208,"SELECT count(), avg(duration_ms) FROM exp02_projections.web_analytics_proj WHERE country='US' AND timestamp BETWEEN '2024-01-01' AND '2024-02-01' FORMAT Null"
"2026-02-14 17:14:37",14,344064,3096576,1,272,2474295,100568,18230,2052,416,2648,"SELECT count(), avg(duration_ms) FROM exp02_projections.web_analytics_proj WHERE country='US' AND timestamp BETWEEN '2024-01-01' AND '2024-02-01' FORMAT Null"
"2026-02-14 17:14:38",13,344064,3096576,1,272,3252211,109875,16696,4746,544,283,"SELECT count(), avg(duration_ms) FROM exp02_projections.web_analytics_proj WHERE country='US' AND timestamp BETWEEN '2024-01-01' AND '2024-02-01' FORMAT Null"
"2026-02-14 17:14:38",13,344064,3096576,1,272,3247715,110410,17172,2956,467,49,"SELECT count(), avg(duration_ms) FROM exp02_projections.web_analytics_proj WHERE country='US' AND timestamp BETWEEN '2024-01-01' AND '2024-02-01' FORMAT Null"
"2026-02-14 17:14:38",15,344064,3096576,1,272,2478708,91841,18198,2451,472,1925,"SELECT count(), avg(duration_ms) FROM exp02_projections.web_analytics_proj WHERE country='US' AND timestamp BETWEEN '2024-01-01' AND '2024-02-01' FORMAT Null"
"2026-02-14 17:14:38",12,344064,3096576,1,272,3247715,107364,17269,1977,490,55,"SELECT count(), avg(duration_ms) FROM exp02_projections.web_analytics_proj WHERE country='US' AND timestamp BETWEEN '2024-01-01' AND '2024-02-01' FORMAT Null"
"2026-02-14 17:14:38",9,344064,3096576,1,272,2475423,45268,10990,4269,402,26,"SELECT count(), avg(duration_ms) FROM exp02_projections.web_analytics_proj WHERE country='US' AND timestamp BETWEEN '2024-01-01' AND '2024-02-01' FORMAT Null"
"2026-02-14 17:14:39",10,344064,3096576,1,272,2477075,49569,13756,2659,448,37,"SELECT count(), avg(duration_ms) FROM exp02_projections.web_analytics_proj WHERE country='US' AND timestamp BETWEEN '2024-01-01' AND '2024-02-01' FORMAT Null"
"2026-02-14 17:14:39",10,344064,3096576,1,272,1714992,39224,10797,4905,451,0,"SELECT count(), avg(duration_ms) FROM exp02_projections.web_analytics_proj WHERE country='US' AND timestamp BETWEEN '2024-01-01' AND '2024-02-01' FORMAT Null"
"2026-02-14 17:14:39",14,344064,3096576,1,272,2725430,115672,17532,3977,464,44,"SELECT count(), avg(duration_ms) FROM exp02_projections.web_analytics_proj WHERE country='US' AND timestamp BETWEEN '2024-01-01' AND '2024-02-01' FORMAT Null"
"2026-02-14 17:14:39",8,344064,3096576,1,272,3247003,38493,13845,920,398,0,"SELECT count(), avg(duration_ms) FROM exp02_projections.web_analytics_proj WHERE country='US' AND timestamp BETWEEN '2024-01-01' AND '2024-02-01' FORMAT Null"
"2026-02-14 17:14:39",8,344064,3096576,1,272,3247003,38984,12671,1939,382,120,"SELECT count(), avg(duration_ms) FROM exp02_projections.web_analytics_proj WHERE country='US' AND timestamp BETWEEN '2024-01-01' AND '2024-02-01' FORMAT Null"
"2026-02-14 17:14:39",12,344064,3096576,1,272,3252363,109396,15575,3536,443,156,"SELECT count(), avg(duration_ms) FROM exp02_projections.web_analytics_proj WHERE country='US' AND timestamp BETWEEN '2024-01-01' AND '2024-02-01' FORMAT Null"
"2026-02-14 17:14:39",10,344064,3096576,1,272,3250559,50032,14219,2066,418,0,"SELECT count(), avg(duration_ms) FROM exp02_projections.web_analytics_proj WHERE country='US' AND timestamp BETWEEN '2024-01-01' AND '2024-02-01' FORMAT Null"
"2026-02-14 17:14:39",10,344064,3096576,1,272,2476063,49978,16008,530,503,17,"SELECT count(), avg(duration_ms) FROM exp02_projections.web_analytics_proj WHERE country='US' AND timestamp BETWEEN '2024-01-01' AND '2024-02-01' FORMAT Null"
"2026-02-14 17:14:39",13,344064,3096576,1,272,3255767,113616,20687,317,500,44,"SELECT count(), avg(duration_ms) FROM exp02_projections.web_analytics_proj WHERE country='US' AND timestamp BETWEEN '2024-01-01' AND '2024-02-01' FORMAT Null"
"2026-02-14 17:30:23",0,0,0,0,0,3072,381,0,0,0,0,"SYSTEM STOP MERGES exp02_projections"
"2026-02-14 17:30:23",13,204800,1805800,8760,187031,18189004,157505,20222,6358,300,492,"SELECT page, toStartOfHour(timestamp) AS hour, count() AS hits, avg(duration_ms) AS avg_duration FROM exp02_projections.scale_10m_base WHERE page = '/page/0' GROUP BY page, hour ORDER BY hour"
"2026-02-14 17:30:23",9,16384,737318,8760,187031,2760028,89340,7707,3185,110,202,"SELECT page, toStartOfHour(timestamp) AS hour, count() AS hits, avg(duration_ms) AS avg_duration FROM exp02_projections.scale_10m_proj WHERE page = '/page/0' GROUP BY page, hour ORDER BY hour"
"2026-02-14 17:30:23",9,16384,737280,8760,187031,2742470,99302,6565,4570,113,62,"SELECT page, hour, countMerge(hits) AS hits, avgMerge(avg_duration) AS avg_duration FROM exp02_projections.scale_10m_mv_target WHERE page = '/page/0' GROUP BY page, hour ORDER BY hour"
"2026-02-14 17:30:23",10,1668736,2512822,1,2977,1057561,87287,21662,1835,415,163,"SELECT country, count(), avg(duration_ms) FROM exp02_projections.scale_10m_base WHERE country = 'US' AND timestamp >= '2024-06-01' AND timestamp < '2024-07-01' GROUP BY country"
"2026-02-14 17:30:23",8,57344,516096,1,2977,916429,47658,8897,421,107,114,"SELECT country, count(), avg(duration_ms) FROM exp02_projections.scale_10m_proj WHERE country = 'US' AND timestamp >= '2024-06-01' AND timestamp < '2024-07-01' GROUP BY country"
"2026-02-14 17:30:24",11,204800,1805800,8760,187031,18187692,128961,15617,4102,214,331,"SELECT page, toStartOfHour(timestamp) AS hour, count() AS hits, avg(duration_ms) AS avg_duration FROM exp02_projections.scale_10m_base WHERE page = '/page/0' GROUP BY page, hour ORDER BY hour"
"2026-02-14 17:30:24",13,204800,1805800,8760,187031,18187244,136033,18445,5902,244,348,"SELECT page, toStartOfHour(timestamp) AS hour, count() AS hits, avg(duration_ms) AS avg_duration FROM exp02_projections.scale_10m_base WHERE page = '/page/0' GROUP BY page, hour ORDER BY hour"
"2026-02-14 17:30:24",8,16384,737318,8760,187031,2757972,69521,8111,1301,45,160,"SELECT page, toStartOfHour(timestamp) AS hour, count() AS hits, avg(duration_ms) AS avg_duration FROM exp02_projections.scale_10m_proj WHERE page = '/page/0' GROUP BY page, hour ORDER BY hour"
"2026-02-14 17:30:24",8,16384,737318,8760,187031,2758596,71404,7907,1711,51,40,"SELECT page, toStartOfHour(timestamp) AS hour, count() AS hits, avg(duration_ms) AS avg_duration FROM exp02_projections.scale_10m_proj WHERE page = '/page/0' GROUP BY page, hour ORDER BY hour"
"2026-02-14 17:30:24",9,16384,737280,8760,187031,2739934,90864,4304,6200,78,297,"SELECT page, hour, countMerge(hits) AS hits, avgMerge(avg_duration) AS avg_duration FROM exp02_projections.scale_10m_mv_target WHERE page = '/page/0' GROUP BY page, hour ORDER BY hour"
"2026-02-14 17:30:24",7,16384,737280,8760,187031,2741742,67170,5733,3469,73,164,"SELECT page, hour, countMerge(hits) AS hits, avgMerge(avg_duration) AS avg_duration FROM exp02_projections.scale_10m_mv_target WHERE page = '/page/0' GROUP BY page, hour ORDER BY hour"
"2026-02-14 17:30:24",6,262144,1105314,1,2977,719798,41822,7872,2837,248,0,"SELECT country, count(), avg(duration_ms) FROM exp02_projections.scale_10m_base WHERE country = 'US' AND timestamp >= '2024-06-01' AND timestamp < '2024-07-01' GROUP BY country"
"2026-02-14 17:30:24",7,262144,1105314,1,2977,719798,51884,10627,2489,332,76,"SELECT country, count(), avg(duration_ms) FROM exp02_projections.scale_10m_base WHERE country = 'US' AND timestamp >= '2024-06-01' AND timestamp < '2024-07-01' GROUP BY country"
"2026-02-14 17:30:24",5,57344,516096,1,2977,915149,30669,5118,1485,56,12,"SELECT country, count(), avg(duration_ms) FROM exp02_projections.scale_10m_proj WHERE country = 'US' AND timestamp >= '2024-06-01' AND timestamp < '2024-07-01' GROUP BY country"
"2026-02-14 17:30:24",7,57344,516096,1,2977,915149,43076,5876,1454,69,0,"SELECT country, count(), avg(duration_ms) FROM exp02_projections.scale_10m_proj WHERE country = 'US' AND timestamp >= '2024-06-01' AND timestamp < '2024-07-01' GROUP BY country"
"2026-02-14 17:30:24",13,204800,1805800,8760,187031,18187244,164062,16311,9168,253,145,"SELECT page, toStartOfHour(timestamp) AS hour, count() AS hits, avg(duration_ms) AS avg_duration FROM exp02_projections.scale_10m_base WHERE page = '/page/0' GROUP BY page, hour ORDER BY hour"
"2026-02-14 17:30:24",9,16384,737318,8760,187031,2764260,90579,6953,4245,71,241,"SELECT page, toStartOfHour(timestamp) AS hour, count() AS hits, avg(duration_ms) AS avg_duration FROM exp02_projections.scale_10m_proj WHERE page = '/page/0' GROUP BY page, hour ORDER BY hour"
"2026-02-14 17:30:25",11,16384,737280,8760,187031,2741182,90952,8446,4347,128,0,"SELECT page, hour, countMerge(hits) AS hits, avgMerge(avg_duration) AS avg_duration FROM exp02_projections.scale_10m_mv_target WHERE page = '/page/0' GROUP BY page, hour ORDER BY hour"
"2026-02-14 17:30:25",6,262144,1105314,1,2977,1132384,48332,9226,2723,280,126,"SELECT country, count(), avg(duration_ms) FROM exp02_projections.scale_10m_base WHERE country = 'US' AND timestamp >= '2024-06-01' AND timestamp < '2024-07-01' GROUP BY country"
"2026-02-14 17:30:25",6,57344,516096,1,2977,915597,39094,6255,631,58,61,"SELECT country, count(), avg(duration_ms) FROM exp02_projections.scale_10m_proj WHERE country = 'US' AND timestamp >= '2024-06-01' AND timestamp < '2024-07-01' GROUP BY country"
"2026-02-14 17:30:25",11,204800,1805800,8760,187031,18187244,134942,8121,15476,203,404,"SELECT page, toStartOfHour(timestamp) AS hour, count() AS hits, avg(duration_ms) AS avg_duration FROM exp02_projections.scale_10m_base WHERE page = '/page/0' GROUP BY page, hour ORDER BY hour"
"2026-02-14 17:30:25",13,204800,1805800,8760,187031,18186636,156241,17378,7020,276,176,"SELECT page, toStartOfHour(timestamp) AS hour, count() AS hits, avg(duration_ms) AS avg_duration FROM exp02_projections.scale_10m_base WHERE page = '/page/0' GROUP BY page, hour ORDER BY hour"
"2026-02-14 17:30:25",7,16384,737318,8760,187031,2757972,49924,7174,1921,43,0,"SELECT page, toStartOfHour(timestamp) AS hour, count() AS hits, avg(duration_ms) AS avg_duration FROM exp02_projections.scale_10m_proj WHERE page = '/page/0' GROUP BY page, hour ORDER BY hour"
"2026-02-14 17:30:25",7,16384,737318,8760,187031,2762612,59883,6957,2334,51,18,"SELECT page, toStartOfHour(timestamp) AS hour, count() AS hits, avg(duration_ms) AS avg_duration FROM exp02_projections.scale_10m_proj WHERE page = '/page/0' GROUP BY page, hour ORDER BY hour"
"2026-02-14 17:30:25",7,16384,737280,8760,187031,2740558,61697,8228,876,52,0,"SELECT page, hour, countMerge(hits) AS hits, avgMerge(avg_duration) AS avg_duration FROM exp02_projections.scale_10m_mv_target WHERE page = '/page/0' GROUP BY page, hour ORDER BY hour"
"2026-02-14 17:30:25",8,16384,737280,8760,187031,2741502,89934,7098,3053,75,122,"SELECT page, hour, countMerge(hits) AS hits, avgMerge(avg_duration) AS avg_duration FROM exp02_projections.scale_10m_mv_target WHERE page = '/page/0' GROUP BY page, hour ORDER BY hour"
"2026-02-14 17:30:25",7,262144,1105314,1,2977,719798,52157,9605,2735,291,0,"SELECT country, count(), avg(duration_ms) FROM exp02_projections.scale_10m_base WHERE country = 'US' AND timestamp >= '2024-06-01' AND timestamp < '2024-07-01' GROUP BY country"
"2026-02-14 17:30:25",7,262144,1105314,1,2977,1141096,49352,9716,2378,255,0,"SELECT country, count(), avg(duration_ms) FROM exp02_projections.scale_10m_base WHERE country = 'US' AND timestamp >= '2024-06-01' AND timestamp < '2024-07-01' GROUP BY country"
"2026-02-14 17:30:25",5,57344,516096,1,2977,915149,29043,5256,1057,50,13,"SELECT country, count(), avg(duration_ms) FROM exp02_projections.scale_10m_proj WHERE country = 'US' AND timestamp >= '2024-06-01' AND timestamp < '2024-07-01' GROUP BY country"
"2026-02-14 17:30:25",7,57344,516096,1,2977,915149,45099,7163,799,83,61,"SELECT country, count(), avg(duration_ms) FROM exp02_projections.scale_10m_proj WHERE country = 'US' AND timestamp >= '2024-06-01' AND timestamp < '2024-07-01' GROUP BY country"
"2026-02-14 17:30:26",9,16384,737318,8760,187031,2758084,78383,7393,3041,63,294,"SELECT page, toStartOfHour(timestamp) AS hour, count() AS hits, avg(duration_ms) AS avg_duration FROM exp02_projections.scale_10m_proj WHERE page = '/page/0' GROUP BY page, hour ORDER BY hour"
"2026-02-14 17:30:26",14,204800,1805800,8760,187031,18187468,175773,16635,8967,320,587,"SELECT page, toStartOfHour(timestamp) AS hour, count() AS hits, avg(duration_ms) AS avg_duration FROM exp02_projections.scale_10m_base WHERE page = '/page/0' GROUP BY page, hour ORDER BY hour"
"2026-02-14 17:30:26",7,16384,737280,8760,187031,2741118,70207,8487,1102,60,110,"SELECT page, hour, countMerge(hits) AS hits, avgMerge(avg_duration) AS avg_duration FROM exp02_projections.scale_10m_mv_target WHERE page = '/page/0' GROUP BY page, hour ORDER BY hour"
"2026-02-14 17:30:26",6,262144,1105314,1,2977,1071282,45006,8347,3720,327,340,"SELECT country, count(), avg(duration_ms) FROM exp02_projections.scale_10m_base WHERE country = 'US' AND timestamp >= '2024-06-01' AND timestamp < '2024-07-01' GROUP BY country"
"2026-02-14 17:30:26",7,57344,516096,1,2977,915597,42863,6651,909,65,0,"SELECT country, count(), avg(duration_ms) FROM exp02_projections.scale_10m_proj WHERE country = 'US' AND timestamp >= '2024-06-01' AND timestamp < '2024-07-01' GROUP BY country"
"2026-02-14 17:30:26",11,204800,1805800,8760,187031,18187244,130771,17554,4183,216,418,"SELECT page, toStartOfHour(timestamp) AS hour, count() AS hits, avg(duration_ms) AS avg_duration FROM exp02_projections.scale_10m_base WHERE page = '/page/0' GROUP BY page, hour ORDER BY hour"
"2026-02-14 17:30:26",13,204800,1805800,8760,187031,18187244,157413,17430,6597,212,238,"SELECT page, toStartOfHour(timestamp) AS hour, count() AS hits, avg(duration_ms) AS avg_duration FROM exp02_projections.scale_10m_base WHERE page = '/page/0' GROUP BY page, hour ORDER BY hour"
"2026-02-14 17:30:26",7,16384,737318,8760,187031,2758356,59972,5631,4068,60,42,"SELECT page, toStartOfHour(timestamp) AS hour, count() AS hits, avg(duration_ms) AS avg_duration FROM exp02_projections.scale_10m_proj WHERE page = '/page/0' GROUP BY page, hour ORDER BY hour"
"2026-02-14 17:30:26",9,16384,737318,8760,187031,2758596,81947,8034,2857,62,235,"SELECT page, toStartOfHour(timestamp) AS hour, count() AS hits, avg(duration_ms) AS avg_duration FROM exp02_projections.scale_10m_proj WHERE page = '/page/0' GROUP BY page, hour ORDER BY hour"
"2026-02-14 17:30:26",7,16384,737280,8760,187031,2746886,59078,7179,1605,49,108,"SELECT page, hour, countMerge(hits) AS hits, avgMerge(avg_duration) AS avg_duration FROM exp02_projections.scale_10m_mv_target WHERE page = '/page/0' GROUP BY page, hour ORDER BY hour"
"2026-02-14 17:30:26",7,16384,737280,8760,187031,2739934,65519,7457,1904,58,361,"SELECT page, hour, countMerge(hits) AS hits, avgMerge(avg_duration) AS avg_duration FROM exp02_projections.scale_10m_mv_target WHERE page = '/page/0' GROUP BY page, hour ORDER BY hour"
"2026-02-14 17:30:26",6,262144,1105314,1,2977,1071378,47291,8842,2479,224,163,"SELECT country, count(), avg(duration_ms) FROM exp02_projections.scale_10m_base WHERE country = 'US' AND timestamp >= '2024-06-01' AND timestamp < '2024-07-01' GROUP BY country"
"2026-02-14 17:30:26",6,262144,1105314,1,2977,1132704,47325,6389,5320,234,9,"SELECT country, count(), avg(duration_ms) FROM exp02_projections.scale_10m_base WHERE country = 'US' AND timestamp >= '2024-06-01' AND timestamp < '2024-07-01' GROUP BY country"
"2026-02-14 17:30:26",6,57344,516096,1,2977,915149,34772,5390,1788,73,0,"SELECT country, count(), avg(duration_ms) FROM exp02_projections.scale_10m_proj WHERE country = 'US' AND timestamp >= '2024-06-01' AND timestamp < '2024-07-01' GROUP BY country"
"2026-02-14 17:30:27",11,204800,1805800,8760,187031,18187244,125732,14650,7031,237,277,"SELECT page, toStartOfHour(timestamp) AS hour, count() AS hits, avg(duration_ms) AS avg_duration FROM exp02_projections.scale_10m_base WHERE page = '/page/0' GROUP BY page, hour ORDER BY hour"
"2026-02-14 17:30:27",12,204800,1805800,8760,187031,18187692,147451,18992,4590,215,244,"SELECT page, toStartOfHour(timestamp) AS hour, count() AS hits, avg(duration_ms) AS avg_duration FROM exp02_projections.scale_10m_base WHERE page = '/page/0' GROUP BY page, hour ORDER BY hour"
"2026-02-14 17:30:27",6,16384,737318,8760,187031,2758084,53460,4965,3372,72,26,"SELECT page, toStartOfHour(timestamp) AS hour, count() AS hits, avg(duration_ms) AS avg_duration FROM exp02_projections.scale_10m_proj WHERE page = '/page/0' GROUP BY page, hour ORDER BY hour"
"2026-02-14 17:30:27",7,16384,737280,8760,187031,2741118,70670,7425,1764,66,0,"SELECT page, hour, countMerge(hits) AS hits, avgMerge(avg_duration) AS avg_duration FROM exp02_projections.scale_10m_mv_target WHERE page = '/page/0' GROUP BY page, hour ORDER BY hour"
"2026-02-14 17:30:27",6,262144,1105314,1,2977,1153596,42694,10084,1397,257,0,"SELECT country, count(), avg(duration_ms) FROM exp02_projections.scale_10m_base WHERE country = 'US' AND timestamp >= '2024-06-01' AND timestamp < '2024-07-01' GROUP BY country"
"2026-02-14 17:30:27",6,57344,516096,1,2977,915597,38245,4816,2453,62,0,"SELECT country, count(), avg(duration_ms) FROM exp02_projections.scale_10m_proj WHERE country = 'US' AND timestamp >= '2024-06-01' AND timestamp < '2024-07-01' GROUP BY country"
"2026-02-14 17:30:27",10,204800,1805800,8760,187031,18187244,126946,14273,6773,240,225,"SELECT page, toStartOfHour(timestamp) AS hour, count() AS hits, avg(duration_ms) AS avg_duration FROM exp02_projections.scale_10m_base WHERE page = '/page/0' GROUP BY page, hour ORDER BY hour"
"2026-02-14 17:30:27",5,57344,516096,1,2977,915309,33799,3622,3233,54,0,"SELECT country, count(), avg(duration_ms) FROM exp02_projections.scale_10m_proj WHERE country = 'US' AND timestamp >= '2024-06-01' AND timestamp < '2024-07-01' GROUP BY country"
"2026-02-14 17:30:27",9,16384,737318,8760,187031,2757972,79877,9384,1450,52,522,"SELECT page, toStartOfHour(timestamp) AS hour, count() AS hits, avg(duration_ms) AS avg_duration FROM exp02_projections.scale_10m_proj WHERE page = '/page/0' GROUP BY page, hour ORDER BY hour"
"2026-02-14 17:30:27",7,16384,737318,8760,187031,2763228,65306,6017,3682,51,326,"SELECT page, toStartOfHour(timestamp) AS hour, count() AS hits, avg(duration_ms) AS avg_duration FROM exp02_projections.scale_10m_proj WHERE page = '/page/0' GROUP BY page, hour ORDER BY hour"
"2026-02-14 17:30:27",8,16384,737280,8760,187031,2740558,81611,7810,2339,58,284,"SELECT page, hour, countMerge(hits) AS hits, avgMerge(avg_duration) AS avg_duration FROM exp02_projections.scale_10m_mv_target WHERE page = '/page/0' GROUP BY page, hour ORDER BY hour"
"2026-02-14 17:30:27",8,16384,737280,8760,187031,2739934,71761,8486,1269,62,16,"SELECT page, hour, countMerge(hits) AS hits, avgMerge(avg_duration) AS avg_duration FROM exp02_projections.scale_10m_mv_target WHERE page = '/page/0' GROUP BY page, hour ORDER BY hour"
"2026-02-14 17:30:28",6,262144,1105314,1,2977,1139464,43651,8597,3116,261,40,"SELECT country, count(), avg(duration_ms) FROM exp02_projections.scale_10m_base WHERE country = 'US' AND timestamp >= '2024-06-01' AND timestamp < '2024-07-01' GROUP BY country"
"2026-02-14 17:30:28",7,262144,1105314,1,2977,1141096,48108,11169,966,245,56,"SELECT country, count(), avg(duration_ms) FROM exp02_projections.scale_10m_base WHERE country = 'US' AND timestamp >= '2024-06-01' AND timestamp < '2024-07-01' GROUP BY country"
"2026-02-14 17:30:28",5,57344,516096,1,2977,915149,24367,5339,692,57,386,"SELECT country, count(), avg(duration_ms) FROM exp02_projections.scale_10m_proj WHERE country = 'US' AND timestamp >= '2024-06-01' AND timestamp < '2024-07-01' GROUP BY country"
"2026-02-14 17:30:28",6,57344,516096,1,2977,915149,34247,5779,728,57,16,"SELECT country, count(), avg(duration_ms) FROM exp02_projections.scale_10m_proj WHERE country = 'US' AND timestamp >= '2024-06-01' AND timestamp < '2024-07-01' GROUP BY country"
"2026-02-14 17:30:28",12,204800,1805800,8760,187031,18187692,162002,14289,9534,254,349,"SELECT page, toStartOfHour(timestamp) AS hour, count() AS hits, avg(duration_ms) AS avg_duration FROM exp02_projections.scale_10m_base WHERE page = '/page/0' GROUP BY page, hour ORDER BY hour"
"2026-02-14 17:30:28",9,16384,737318,8760,187031,2758084,78781,9434,2025,53,210,"SELECT page, toStartOfHour(timestamp) AS hour, count() AS hits, avg(duration_ms) AS avg_duration FROM exp02_projections.scale_10m_proj WHERE page = '/page/0' GROUP BY page, hour ORDER BY hour"
"2026-02-14 17:30:28",8,16384,737280,8760,187031,2744822,82421,8086,2045,84,229,"SELECT page, hour, countMerge(hits) AS hits, avgMerge(avg_duration) AS avg_duration FROM exp02_projections.scale_10m_mv_target WHERE page = '/page/0' GROUP BY page, hour ORDER BY hour"
"2026-02-14 17:30:28",6,262144,1105314,1,2977,1156398,46069,8526,3639,272,0,"SELECT country, count(), avg(duration_ms) FROM exp02_projections.scale_10m_base WHERE country = 'US' AND timestamp >= '2024-06-01' AND timestamp < '2024-07-01' GROUP BY country"
"2026-02-14 17:30:28",6,57344,516096,1,2977,915597,41143,6413,919,79,0,"SELECT country, count(), avg(duration_ms) FROM exp02_projections.scale_10m_proj WHERE country = 'US' AND timestamp >= '2024-06-01' AND timestamp < '2024-07-01' GROUP BY country"
"2026-02-14 17:30:28",12,204800,1805800,8760,187031,18187628,147659,16095,6617,231,136,"SELECT page, toStartOfHour(timestamp) AS hour, count() AS hits, avg(duration_ms) AS avg_duration FROM exp02_projections.scale_10m_base WHERE page = '/page/0' GROUP BY page, hour ORDER BY hour"
"2026-02-14 17:30:28",13,204800,1805800,8760,187031,18187244,163561,18837,6032,229,140,"SELECT page, toStartOfHour(timestamp) AS hour, count() AS hits, avg(duration_ms) AS avg_duration FROM exp02_projections.scale_10m_base WHERE page = '/page/0' GROUP BY page, hour ORDER BY hour"
"2026-02-14 17:30:28",11,16384,737318,8760,187031,2759844,97557,8586,4380,63,201,"SELECT page, toStartOfHour(timestamp) AS hour, count() AS hits, avg(duration_ms) AS avg_duration FROM exp02_projections.scale_10m_proj WHERE page = '/page/0' GROUP BY page, hour ORDER BY hour"
"2026-02-14 17:30:29",7,16384,737318,8760,187031,2764044,71572,5540,3899,70,146,"SELECT page, toStartOfHour(timestamp) AS hour, count() AS hits, avg(duration_ms) AS avg_duration FROM exp02_projections.scale_10m_proj WHERE page = '/page/0' GROUP BY page, hour ORDER BY hour"
"2026-02-14 17:30:29",7,16384,737280,8760,187031,2739934,69798,8024,862,65,30,"SELECT page, hour, countMerge(hits) AS hits, avgMerge(avg_duration) AS avg_duration FROM exp02_projections.scale_10m_mv_target WHERE page = '/page/0' GROUP BY page, hour ORDER BY hour"
"2026-02-14 17:30:29",8,16384,737280,8760,187031,2740558,75390,10142,118,87,98,"SELECT page, hour, countMerge(hits) AS hits, avgMerge(avg_duration) AS avg_duration FROM exp02_projections.scale_10m_mv_target WHERE page = '/page/0' GROUP BY page, hour ORDER BY hour"
"2026-02-14 17:30:29",7,262144,1105314,1,2977,1141096,48710,9370,3335,277,0,"SELECT country, count(), avg(duration_ms) FROM exp02_projections.scale_10m_base WHERE country = 'US' AND timestamp >= '2024-06-01' AND timestamp < '2024-07-01' GROUP BY country"
"2026-02-14 17:30:29",6,262144,1105314,1,2977,1509760,46448,9679,2051,220,0,"SELECT country, count(), avg(duration_ms) FROM exp02_projections.scale_10m_base WHERE country = 'US' AND timestamp >= '2024-06-01' AND timestamp < '2024-07-01' GROUP BY country"
"2026-02-14 17:30:29",7,57344,516096,1,2977,915533,40496,7172,1256,70,20,"SELECT country, count(), avg(duration_ms) FROM exp02_projections.scale_10m_proj WHERE country = 'US' AND timestamp >= '2024-06-01' AND timestamp < '2024-07-01' GROUP BY country"
"2026-02-14 17:30:29",6,57344,516096,1,2977,915149,37394,5463,1956,59,0,"SELECT country, count(), avg(duration_ms) FROM exp02_projections.scale_10m_proj WHERE country = 'US' AND timestamp >= '2024-06-01' AND timestamp < '2024-07-01' GROUP BY country"
"2026-02-14 17:30:29",13,204800,1805800,8760,187031,18187692,167463,16874,7152,196,204,"SELECT page, toStartOfHour(timestamp) AS hour, count() AS hits, avg(duration_ms) AS avg_duration FROM exp02_projections.scale_10m_base WHERE page = '/page/0' GROUP BY page, hour ORDER BY hour"
"2026-02-14 17:30:29",9,16384,737318,8760,187031,2762580,77535,6487,3631,57,19,"SELECT page, toStartOfHour(timestamp) AS hour, count() AS hits, avg(duration_ms) AS avg_duration FROM exp02_projections.scale_10m_proj WHERE page = '/page/0' GROUP BY page, hour ORDER BY hour"
"2026-02-14 17:30:29",8,16384,737280,8760,187031,2740878,76989,4655,4693,69,176,"SELECT page, hour, countMerge(hits) AS hits, avgMerge(avg_duration) AS avg_duration FROM exp02_projections.scale_10m_mv_target WHERE page = '/page/0' GROUP BY page, hour ORDER BY hour"
"2026-02-14 17:30:29",6,262144,1105314,1,2977,1140888,49515,11820,766,263,29,"SELECT country, count(), avg(duration_ms) FROM exp02_projections.scale_10m_base WHERE country = 'US' AND timestamp >= '2024-06-01' AND timestamp < '2024-07-01' GROUP BY country"
"2026-02-14 17:30:29",6,57344,516096,1,2977,915597,39789,6269,1021,60,0,"SELECT country, count(), avg(duration_ms) FROM exp02_projections.scale_10m_proj WHERE country = 'US' AND timestamp >= '2024-06-01' AND timestamp < '2024-07-01' GROUP BY country"
"2026-02-14 17:30:30",15,204800,1805800,8760,187031,18187404,158745,16901,10481,256,271,"SELECT page, toStartOfHour(timestamp) AS hour, count() AS hits, avg(duration_ms) AS avg_duration FROM exp02_projections.scale_10m_base WHERE page = '/page/0' GROUP BY page, hour ORDER BY hour"
"2026-02-14 17:30:30",11,204800,1805800,8760,187031,18187244,127039,17483,2659,191,238,"SELECT page, toStartOfHour(timestamp) AS hour, count() AS hits, avg(duration_ms) AS avg_duration FROM exp02_projections.scale_10m_base WHERE page = '/page/0' GROUP BY page, hour ORDER BY hour"
"2026-02-14 17:30:30",8,16384,737318,8760,187031,2758596,61733,8852,633,63,77,"SELECT page, toStartOfHour(timestamp) AS hour, count() AS hits, avg(duration_ms) AS avg_duration FROM exp02_projections.scale_10m_proj WHERE page = '/page/0' GROUP BY page, hour ORDER BY hour"
"2026-02-14 17:30:30",7,16384,737318,8760,187031,2757972,46421,7332,1874,72,6,"SELECT page, toStartOfHour(timestamp) AS hour, count() AS hits, avg(duration_ms) AS avg_duration FROM exp02_projections.scale_10m_proj WHERE page = '/page/0' GROUP BY page, hour ORDER BY hour"
"2026-02-14 17:30:30",8,16384,737280,8760,187031,2743926,90414,5132,5064,56,51,"SELECT page, hour, countMerge(hits) AS hits, avgMerge(avg_duration) AS avg_duration FROM exp02_projections.scale_10m_mv_target WHERE page = '/page/0' GROUP BY page, hour ORDER BY hour"
"2026-02-14 17:30:30",9,16384,737280,8760,187031,2740558,83412,8659,2493,74,25,"SELECT page, hour, countMerge(hits) AS hits, avgMerge(avg_duration) AS avg_duration FROM exp02_projections.scale_10m_mv_target WHERE page = '/page/0' GROUP BY page, hour ORDER BY hour"
"2026-02-14 17:30:30",6,262144,1105314,1,2977,1153372,44683,10725,1617,249,0,"SELECT country, count(), avg(duration_ms) FROM exp02_projections.scale_10m_base WHERE country = 'US' AND timestamp >= '2024-06-01' AND timestamp < '2024-07-01' GROUP BY country"
"2026-02-14 17:30:30",6,262144,1105314,1,2977,1509216,51037,11038,1122,288,519,"SELECT country, count(), avg(duration_ms) FROM exp02_projections.scale_10m_base WHERE country = 'US' AND timestamp >= '2024-06-01' AND timestamp < '2024-07-01' GROUP BY country"
"2026-02-14 17:30:30",6,57344,516096,1,2977,915149,37140,7102,974,63,0,"SELECT country, count(), avg(duration_ms) FROM exp02_projections.scale_10m_proj WHERE country = 'US' AND timestamp >= '2024-06-01' AND timestamp < '2024-07-01' GROUP BY country"
"2026-02-14 17:30:30",7,57344,516096,1,2977,915149,38550,5286,2883,76,67,"SELECT country, count(), avg(duration_ms) FROM exp02_projections.scale_10m_proj WHERE country = 'US' AND timestamp >= '2024-06-01' AND timestamp < '2024-07-01' GROUP BY country"
"2026-02-14 17:30:30",12,204800,1805800,8760,187031,18187692,151558,17406,6493,294,159,"SELECT page, toStartOfHour(timestamp) AS hour, count() AS hits, avg(duration_ms) AS avg_duration FROM exp02_projections.scale_10m_base WHERE page = '/page/0' GROUP BY page, hour ORDER BY hour"
"2026-02-14 17:30:30",8,16384,737318,8760,187031,2759956,72988,7714,2392,61,145,"SELECT page, toStartOfHour(timestamp) AS hour, count() AS hits, avg(duration_ms) AS avg_duration FROM exp02_projections.scale_10m_proj WHERE page = '/page/0' GROUP BY page, hour ORDER BY hour"
"2026-02-14 17:30:31",7,262144,1105314,1,2977,1140552,51337,9945,2669,255,0,"SELECT country, count(), avg(duration_ms) FROM exp02_projections.scale_10m_base WHERE country = 'US' AND timestamp >= '2024-06-01' AND timestamp < '2024-07-01' GROUP BY country"
"2026-02-14 17:30:31",7,262144,1105314,1,2977,1132384,49439,5998,6616,263,0,"SELECT country, count(), avg(duration_ms) FROM exp02_projections.scale_10m_base WHERE country = 'US' AND timestamp >= '2024-06-01' AND timestamp < '2024-07-01' GROUP BY country"
"2026-02-14 17:30:31",6,57344,516096,1,2977,915981,49071,4468,3227,61,23,"SELECT country, count(), avg(duration_ms) FROM exp02_projections.scale_10m_proj WHERE country = 'US' AND timestamp >= '2024-06-01' AND timestamp < '2024-07-01' GROUP BY country"
"2026-02-14 17:30:31",13,204800,1805800,8760,187031,18187244,161786,16915,8735,278,523,"SELECT page, toStartOfHour(timestamp) AS hour, count() AS hits, avg(duration_ms) AS avg_duration FROM exp02_projections.scale_10m_base WHERE page = '/page/0' GROUP BY page, hour ORDER BY hour"
"2026-02-14 17:30:31",12,204800,1805800,8760,187031,18187244,144002,18874,4429,216,194,"SELECT page, toStartOfHour(timestamp) AS hour, count() AS hits, avg(duration_ms) AS avg_duration FROM exp02_projections.scale_10m_base WHERE page = '/page/0' GROUP BY page, hour ORDER BY hour"
"2026-02-14 17:30:31",8,16384,737318,8760,187031,2757972,68643,7280,2461,52,159,"SELECT page, toStartOfHour(timestamp) AS hour, count() AS hits, avg(duration_ms) AS avg_duration FROM exp02_projections.scale_10m_proj WHERE page = '/page/0' GROUP BY page, hour ORDER BY hour"
"2026-02-14 17:30:31",9,16384,737318,8760,187031,2764244,92267,8388,3266,55,224,"SELECT page, toStartOfHour(timestamp) AS hour, count() AS hits, avg(duration_ms) AS avg_duration FROM exp02_projections.scale_10m_proj WHERE page = '/page/0' GROUP BY page, hour ORDER BY hour"
"2026-02-14 17:30:31",7,16384,737280,8760,187031,2745886,63068,6936,1608,49,194,"SELECT page, hour, countMerge(hits) AS hits, avgMerge(avg_duration) AS avg_duration FROM exp02_projections.scale_10m_mv_target WHERE page = '/page/0' GROUP BY page, hour ORDER BY hour"
"2026-02-14 17:30:31",7,16384,737280,8760,187031,2739934,62420,6189,2540,60,142,"SELECT page, hour, countMerge(hits) AS hits, avgMerge(avg_duration) AS avg_duration FROM exp02_projections.scale_10m_mv_target WHERE page = '/page/0' GROUP BY page, hour ORDER BY hour"
"2026-02-14 17:30:31",8,16384,737280,8760,187031,2740494,70685,5981,3794,75,110,"SELECT page, hour, countMerge(hits) AS hits, avgMerge(avg_duration) AS avg_duration FROM exp02_projections.scale_10m_mv_target WHERE page = '/page/0' GROUP BY page, hour ORDER BY hour"
"2026-02-14 17:30:31",9,262144,1105314,1,2977,1140008,73377,10580,3874,306,146,"SELECT country, count(), avg(duration_ms) FROM exp02_projections.scale_10m_base WHERE country = 'US' AND timestamp >= '2024-06-01' AND timestamp < '2024-07-01' GROUP BY country"
"2026-02-14 17:30:31",6,57344,516096,1,2977,915149,36085,4326,2773,58,0,"SELECT country, count(), avg(duration_ms) FROM exp02_projections.scale_10m_proj WHERE country = 'US' AND timestamp >= '2024-06-01' AND timestamp < '2024-07-01' GROUP BY country"
"2026-02-14 17:30:31",6,57344,516096,1,2977,915149,31588,3736,3497,90,0,"SELECT country, count(), avg(duration_ms) FROM exp02_projections.scale_10m_proj WHERE country = 'US' AND timestamp >= '2024-06-01' AND timestamp < '2024-07-01' GROUP BY country"
"2026-02-14 17:30:32",11,204800,1805800,8760,187031,18188076,133665,17265,4879,203,9,"SELECT page, toStartOfHour(timestamp) AS hour, count() AS hits, avg(duration_ms) AS avg_duration FROM exp02_projections.scale_10m_base WHERE page = '/page/0' GROUP BY page, hour ORDER BY hour"
"2026-02-14 17:30:32",8,16384,737318,8760,187031,2760580,62386,9147,413,52,62,"SELECT page, toStartOfHour(timestamp) AS hour, count() AS hits, avg(duration_ms) AS avg_duration FROM exp02_projections.scale_10m_proj WHERE page = '/page/0' GROUP BY page, hour ORDER BY hour"
"2026-02-14 17:30:32",10,16384,737280,8760,187031,2742366,89644,9373,2708,72,306,"SELECT page, hour, countMerge(hits) AS hits, avgMerge(avg_duration) AS avg_duration FROM exp02_projections.scale_10m_mv_target WHERE page = '/page/0' GROUP BY page, hour ORDER BY hour"
"2026-02-14 17:30:32",7,262144,1105314,1,2977,1152758,54200,10039,3390,245,25,"SELECT country, count(), avg(duration_ms) FROM exp02_projections.scale_10m_base WHERE country = 'US' AND timestamp >= '2024-06-01' AND timestamp < '2024-07-01' GROUP BY country"
"2026-02-14 17:30:32",7,57344,516096,1,2977,915597,41536,6535,1261,67,0,"SELECT country, count(), avg(duration_ms) FROM exp02_projections.scale_10m_proj WHERE country = 'US' AND timestamp >= '2024-06-01' AND timestamp < '2024-07-01' GROUP BY country"
"2026-02-14 17:30:32",13,204800,1805800,8760,187031,18187244,160787,17470,10950,222,417,"SELECT page, toStartOfHour(timestamp) AS hour, count() AS hits, avg(duration_ms) AS avg_duration FROM exp02_projections.scale_10m_base WHERE page = '/page/0' GROUP BY page, hour ORDER BY hour"
"2026-02-14 17:30:32",11,204800,1805800,8760,187031,18187244,129911,15913,5597,195,49,"SELECT page, toStartOfHour(timestamp) AS hour, count() AS hits, avg(duration_ms) AS avg_duration FROM exp02_projections.scale_10m_base WHERE page = '/page/0' GROUP BY page, hour ORDER BY hour"
"2026-02-14 17:30:32",8,16384,737318,8760,187031,2757972,62574,8445,1382,43,17,"SELECT page, toStartOfHour(timestamp) AS hour, count() AS hits, avg(duration_ms) AS avg_duration FROM exp02_projections.scale_10m_proj WHERE page = '/page/0' GROUP BY page, hour ORDER BY hour"
"2026-02-14 17:30:32",6,16384,737318,8760,187031,2758596,55535,5666,2395,43,21,"SELECT page, toStartOfHour(timestamp) AS hour, count() AS hits, avg(duration_ms) AS avg_duration FROM exp02_projections.scale_10m_proj WHERE page = '/page/0' GROUP BY page, hour ORDER BY hour"
"2026-02-14 17:30:32",7,16384,737280,8760,187031,2739934,63718,7944,1237,70,16,"SELECT page, hour, countMerge(hits) AS hits, avgMerge(avg_duration) AS avg_duration FROM exp02_projections.scale_10m_mv_target WHERE page = '/page/0' GROUP BY page, hour ORDER BY hour"
"2026-02-14 17:30:32",9,16384,737280,8760,187031,2739934,91208,7348,3850,89,252,"SELECT page, hour, countMerge(hits) AS hits, avgMerge(avg_duration) AS avg_duration FROM exp02_projections.scale_10m_mv_target WHERE page = '/page/0' GROUP BY page, hour ORDER BY hour"
"2026-02-14 17:30:32",7,262144,1105314,1,2977,719798,49202,10672,2860,254,38,"SELECT country, count(), avg(duration_ms) FROM exp02_projections.scale_10m_base WHERE country = 'US' AND timestamp >= '2024-06-01' AND timestamp < '2024-07-01' GROUP BY country"
"2026-02-14 17:30:32",8,262144,1105314,1,2977,1141096,63212,10521,3097,344,99,"SELECT country, count(), avg(duration_ms) FROM exp02_projections.scale_10m_base WHERE country = 'US' AND timestamp >= '2024-06-01' AND timestamp < '2024-07-01' GROUP BY country"
"2026-02-14 17:30:33",12,204800,1805800,8760,187031,18187244,152763,20458,5024,232,97,"SELECT page, toStartOfHour(timestamp) AS hour, count() AS hits, avg(duration_ms) AS avg_duration FROM exp02_projections.scale_10m_base WHERE page = '/page/0' GROUP BY page, hour ORDER BY hour"
"2026-02-14 17:30:33",6,57344,516096,1,2977,915149,29392,5728,898,60,0,"SELECT country, count(), avg(duration_ms) FROM exp02_projections.scale_10m_proj WHERE country = 'US' AND timestamp >= '2024-06-01' AND timestamp < '2024-07-01' GROUP BY country"
"2026-02-14 17:30:33",13,204800,1805800,8760,187031,18187692,160899,12310,13624,279,391,"SELECT page, toStartOfHour(timestamp) AS hour, count() AS hits, avg(duration_ms) AS avg_duration FROM exp02_projections.scale_10m_base WHERE page = '/page/0' GROUP BY page, hour ORDER BY hour"
"2026-02-14 17:30:33",8,16384,737318,8760,187031,2758084,68589,8858,949,48,323,"SELECT page, toStartOfHour(timestamp) AS hour, count() AS hits, avg(duration_ms) AS avg_duration FROM exp02_projections.scale_10m_proj WHERE page = '/page/0' GROUP BY page, hour ORDER BY hour"
"2026-02-14 17:30:33",8,16384,737280,8760,187031,2740878,69243,6354,3796,48,21,"SELECT page, hour, countMerge(hits) AS hits, avgMerge(avg_duration) AS avg_duration FROM exp02_projections.scale_10m_mv_target WHERE page = '/page/0' GROUP BY page, hour ORDER BY hour"
"2026-02-14 17:30:33",7,262144,1105314,1,2977,1141432,48859,6807,5411,253,0,"SELECT country, count(), avg(duration_ms) FROM exp02_projections.scale_10m_base WHERE country = 'US' AND timestamp >= '2024-06-01' AND timestamp < '2024-07-01' GROUP BY country"
"2026-02-14 17:30:33",7,57344,516096,1,2977,915597,39980,4567,3018,66,0,"SELECT country, count(), avg(duration_ms) FROM exp02_projections.scale_10m_proj WHERE country = 'US' AND timestamp >= '2024-06-01' AND timestamp < '2024-07-01' GROUP BY country"
"2026-02-14 17:30:33",6,57344,516096,1,2977,915693,37776,3821,3007,53,6,"SELECT country, count(), avg(duration_ms) FROM exp02_projections.scale_10m_proj WHERE country = 'US' AND timestamp >= '2024-06-01' AND timestamp < '2024-07-01' GROUP BY country"
"2026-02-14 17:30:33",13,204800,1805800,8760,187031,18187244,153164,17445,7291,232,93,"SELECT page, toStartOfHour(timestamp) AS hour, count() AS hits, avg(duration_ms) AS avg_duration FROM exp02_projections.scale_10m_base WHERE page = '/page/0' GROUP BY page, hour ORDER BY hour"
"2026-02-14 17:30:33",9,16384,737318,8760,187031,2758596,75963,6914,3630,51,10,"SELECT page, toStartOfHour(timestamp) AS hour, count() AS hits, avg(duration_ms) AS avg_duration FROM exp02_projections.scale_10m_proj WHERE page = '/page/0' GROUP BY page, hour ORDER BY hour"
"2026-02-14 17:30:33",9,16384,737318,8760,187031,2763532,80681,10415,1424,49,101,"SELECT page, toStartOfHour(timestamp) AS hour, count() AS hits, avg(duration_ms) AS avg_duration FROM exp02_projections.scale_10m_proj WHERE page = '/page/0' GROUP BY page, hour ORDER BY hour"
"2026-02-14 17:30:33",8,16384,737280,8760,187031,2739934,69467,5967,3413,54,14,"SELECT page, hour, countMerge(hits) AS hits, avgMerge(avg_duration) AS avg_duration FROM exp02_projections.scale_10m_mv_target WHERE page = '/page/0' GROUP BY page, hour ORDER BY hour"
"2026-02-14 17:30:34",8,262144,1105314,1,2977,1132928,54495,7097,6584,287,101,"SELECT country, count(), avg(duration_ms) FROM exp02_projections.scale_10m_base WHERE country = 'US' AND timestamp >= '2024-06-01' AND timestamp < '2024-07-01' GROUP BY country"
"2026-02-14 17:30:34",7,262144,1105314,1,2977,1141096,56258,9985,3169,306,0,"SELECT country, count(), avg(duration_ms) FROM exp02_projections.scale_10m_base WHERE country = 'US' AND timestamp >= '2024-06-01' AND timestamp < '2024-07-01' GROUP BY country"
"2026-02-14 17:30:34",6,262144,1105314,1,2977,719798,50907,8577,3311,240,28,"SELECT country, count(), avg(duration_ms) FROM exp02_projections.scale_10m_base WHERE country = 'US' AND timestamp >= '2024-06-01' AND timestamp < '2024-07-01' GROUP BY country"
"2026-02-14 17:30:34",7,57344,516096,1,2977,915149,43371,4660,2930,83,0,"SELECT country, count(), avg(duration_ms) FROM exp02_projections.scale_10m_proj WHERE country = 'US' AND timestamp >= '2024-06-01' AND timestamp < '2024-07-01' GROUP BY country"
"2026-02-14 17:30:34",6,57344,516096,1,2977,915149,36950,6778,528,55,0,"SELECT country, count(), avg(duration_ms) FROM exp02_projections.scale_10m_proj WHERE country = 'US' AND timestamp >= '2024-06-01' AND timestamp < '2024-07-01' GROUP BY country"
"2026-02-14 17:30:34",12,204800,1805800,8760,187031,18187692,119561,19344,4673,241,0,"SELECT page, toStartOfHour(timestamp) AS hour, count() AS hits, avg(duration_ms) AS avg_duration FROM exp02_projections.scale_10m_base WHERE page = '/page/0' GROUP BY page, hour ORDER BY hour"
"2026-02-14 17:30:34",8,16384,737318,8760,187031,2758708,40371,7114,1620,68,0,"SELECT page, toStartOfHour(timestamp) AS hour, count() AS hits, avg(duration_ms) AS avg_duration FROM exp02_projections.scale_10m_proj WHERE page = '/page/0' GROUP BY page, hour ORDER BY hour"
"2026-02-14 17:30:34",7,16384,737280,8760,187031,2746398,67770,7134,2149,66,119,"SELECT page, hour, countMerge(hits) AS hits, avgMerge(avg_duration) AS avg_duration FROM exp02_projections.scale_10m_mv_target WHERE page = '/page/0' GROUP BY page, hour ORDER BY hour"
"2026-02-14 17:30:34",7,16384,737280,8760,187031,2744670,66310,8037,1005,87,16,"SELECT page, hour, countMerge(hits) AS hits, avgMerge(avg_duration) AS avg_duration FROM exp02_projections.scale_10m_mv_target WHERE page = '/page/0' GROUP BY page, hour ORDER BY hour"
"2026-02-14 17:30:34",7,57344,516096,1,2977,915597,41264,6988,1682,63,25,"SELECT country, count(), avg(duration_ms) FROM exp02_projections.scale_10m_proj WHERE country = 'US' AND timestamp >= '2024-06-01' AND timestamp < '2024-07-01' GROUP BY country"
"2026-02-14 17:30:34",11,204800,1805800,8760,187031,18187244,128423,11011,10108,216,232,"SELECT page, toStartOfHour(timestamp) AS hour, count() AS hits, avg(duration_ms) AS avg_duration FROM exp02_projections.scale_10m_base WHERE page = '/page/0' GROUP BY page, hour ORDER BY hour"
"2026-02-14 17:30:34",12,204800,1805800,8760,187031,18187244,141275,18262,5303,277,175,"SELECT page, toStartOfHour(timestamp) AS hour, count() AS hits, avg(duration_ms) AS avg_duration FROM exp02_projections.scale_10m_base WHERE page = '/page/0' GROUP BY page, hour ORDER BY hour"
"2026-02-14 17:30:35",8,16384,737280,8760,187031,2739934,71093,7496,2237,56,153,"SELECT page, hour, countMerge(hits) AS hits, avgMerge(avg_duration) AS avg_duration FROM exp02_projections.scale_10m_mv_target WHERE page = '/page/0' GROUP BY page, hour ORDER BY hour"
"2026-02-14 17:30:35",8,16384,737318,8760,187031,2762332,67473,8668,1345,48,234,"SELECT page, toStartOfHour(timestamp) AS hour, count() AS hits, avg(duration_ms) AS avg_duration FROM exp02_projections.scale_10m_proj WHERE page = '/page/0' GROUP BY page, hour ORDER BY hour"
"2026-02-14 17:30:35",7,16384,737318,8760,187031,2762772,58398,6640,2853,54,17,"SELECT page, toStartOfHour(timestamp) AS hour, count() AS hits, avg(duration_ms) AS avg_duration FROM exp02_projections.scale_10m_proj WHERE page = '/page/0' GROUP BY page, hour ORDER BY hour"
"2026-02-14 17:30:35",7,16384,737280,8760,187031,2755612,67744,6369,2702,53,13,"SELECT page, hour, countMerge(hits) AS hits, avgMerge(avg_duration) AS avg_duration FROM exp02_projections.scale_10m_mv_target WHERE page = '/page/0' GROUP BY page, hour ORDER BY hour"
"2026-02-14 17:30:35",6,262144,1105314,1,2977,1140552,44484,9788,1961,262,96,"SELECT country, count(), avg(duration_ms) FROM exp02_projections.scale_10m_base WHERE country = 'US' AND timestamp >= '2024-06-01' AND timestamp < '2024-07-01' GROUP BY country"
"2026-02-14 17:30:35",6,262144,1105314,1,2977,1140008,47974,9068,3873,266,32,"SELECT country, count(), avg(duration_ms) FROM exp02_projections.scale_10m_base WHERE country = 'US' AND timestamp >= '2024-06-01' AND timestamp < '2024-07-01' GROUP BY country"
"2026-02-14 17:30:35",6,57344,516096,1,2977,915149,29769,3507,3594,54,7,"SELECT country, count(), avg(duration_ms) FROM exp02_projections.scale_10m_proj WHERE country = 'US' AND timestamp >= '2024-06-01' AND timestamp < '2024-07-01' GROUP BY country"
"2026-02-14 17:30:35",6,57344,516096,1,2977,915149,37706,6723,367,62,22,"SELECT country, count(), avg(duration_ms) FROM exp02_projections.scale_10m_proj WHERE country = 'US' AND timestamp >= '2024-06-01' AND timestamp < '2024-07-01' GROUP BY country"
"2026-02-14 17:30:35",3,16,699,16,5120,163632,3250,2803,54,0,0,"EXPLAIN indexes=1 SELECT page, toStartOfHour(timestamp) AS hour, count() AS hits, avg(duration_ms) AS avg_duration FROM exp02_projections.scale_10m_base WHERE page = '/page/0' GROUP BY page, hour ORDER BY hour"
"2026-02-14 17:30:35",3,15,559,15,5120,169726,3318,1999,956,0,0,"EXPLAIN indexes=1 SELECT page, toStartOfHour(timestamp) AS hour, count() AS hits, avg(duration_ms) AS avg_duration FROM exp02_projections.scale_10m_proj WHERE page = '/page/0' GROUP BY page, hour ORDER BY hour"
"2026-02-14 17:30:35",3,16,701,16,5120,160500,3503,1063,1997,0,0,"EXPLAIN indexes=1 SELECT page, hour, countMerge(hits) AS hits, avgMerge(avg_duration) AS avg_duration FROM exp02_projections.scale_10m_mv_target WHERE page = '/page/0' GROUP BY page, hour ORDER BY hour"
"2026-02-14 17:33:59",0,0,0,0,0,3072,355,243,0,0,0,"SYSTEM STOP MERGES exp02_projections"
"2026-02-14 17:33:59",12,16384,737280,8760,187031,2763100,113272,10661,2662,119,131,"SELECT page, toStartOfHour(timestamp) AS hour, count() AS hits, avg(duration_ms) AS avg_duration FROM exp02_projections.fair_proj WHERE page = '/page/0' GROUP BY page, hour ORDER BY hour"
"2026-02-14 17:33:59",9,16384,737280,8760,187031,2742054,95336,9600,2279,111,389,"SELECT page, hour, countMerge(hits) AS hits, avgMerge(avg_duration) AS avg_duration FROM exp02_projections.fair_mv_target WHERE page = '/page/0' GROUP BY page, hour ORDER BY hour"
"2026-02-14 17:33:59",696,8760000,190524544,10,14864,2528901517,12443291,6862272,3020648,16048,607524,"SELECT page, toStartOfHour(timestamp) AS hour, sum(duration_ms) AS total_duration FROM exp02_projections.fair_proj GROUP BY page, hour ORDER BY total_duration DESC LIMIT 10"
"2026-02-14 17:34:00",562,8760000,190524544,10,14864,2651575062,9998482,7917659,293015,17414,88887,"SELECT page, hour, sumMerge(sum_duration) AS total_duration FROM exp02_projections.fair_mv_target GROUP BY page, hour ORDER BY total_duration DESC LIMIT 10"
"2026-02-14 17:34:01",8,16384,737280,8760,187031,2739838,71357,7006,2752,49,194,"SELECT page, hour, countMerge(hits) AS hits, avgMerge(avg_duration) AS avg_duration FROM exp02_projections.fair_mv_target WHERE page = '/page/0' GROUP BY page, hour ORDER BY hour"
"2026-02-14 17:34:01",8,16384,737280,8760,187031,2762788,70602,6514,3156,43,79,"SELECT page, toStartOfHour(timestamp) AS hour, count() AS hits, avg(duration_ms) AS avg_duration FROM exp02_projections.fair_proj WHERE page = '/page/0' GROUP BY page, hour ORDER BY hour"
"2026-02-14 17:34:01",8,16384,737280,8760,187031,2741094,63820,7381,2187,44,177,"SELECT page, hour, countMerge(hits) AS hits, avgMerge(avg_duration) AS avg_duration FROM exp02_projections.fair_mv_target WHERE page = '/page/0' GROUP BY page, hour ORDER BY hour"
"2026-02-14 17:34:01",9,16384,737280,8760,187031,2758308,72101,9502,1556,61,94,"SELECT page, toStartOfHour(timestamp) AS hour, count() AS hits, avg(duration_ms) AS avg_duration FROM exp02_projections.fair_proj WHERE page = '/page/0' GROUP BY page, hour ORDER BY hour"
"2026-02-14 17:34:01",524,8760000,190524544,10,14864,2652204598,9338407,7281353,161024,16394,151280,"SELECT page, toStartOfHour(timestamp) AS hour, sum(duration_ms) AS total_duration FROM exp02_projections.fair_proj GROUP BY page, hour ORDER BY total_duration DESC LIMIT 10"
"2026-02-14 17:34:02",551,8760000,190524544,10,14864,2650280664,9820702,7730720,74874,17052,153858,"SELECT page, toStartOfHour(timestamp) AS hour, sum(duration_ms) AS total_duration FROM exp02_projections.fair_proj GROUP BY page, hour ORDER BY total_duration DESC LIMIT 10"
"2026-02-14 17:34:02",447,8760000,190524544,10,14864,1622027195,7979471,6485600,46761,14842,154567,"SELECT page, hour, sumMerge(sum_duration) AS total_duration FROM exp02_projections.fair_mv_target GROUP BY page, hour ORDER BY total_duration DESC LIMIT 10"
"2026-02-14 17:34:03",456,8760000,190524544,10,14864,1588741197,8134106,6217010,64913,15365,481891,"SELECT page, hour, sumMerge(sum_duration) AS total_duration FROM exp02_projections.fair_mv_target GROUP BY page, hour ORDER BY total_duration DESC LIMIT 10"
"2026-02-14 17:34:03",8,16384,737280,8760,187031,2758868,69832,9372,575,66,33,"SELECT page, toStartOfHour(timestamp) AS hour, count() AS hits, avg(duration_ms) AS avg_duration FROM exp02_projections.fair_proj WHERE page = '/page/0' GROUP BY page, hour ORDER BY hour"
"2026-02-14 17:34:03",9,16384,737280,8760,187031,2743462,74088,8959,2067,49,155,"SELECT page, hour, countMerge(hits) AS hits, avgMerge(avg_duration) AS avg_duration FROM exp02_projections.fair_mv_target WHERE page = '/page/0' GROUP BY page, hour ORDER BY hour"
"2026-02-14 17:34:04",489,8760000,190524544,10,14864,2654370941,8407324,6473875,507304,13883,94426,"SELECT page, toStartOfHour(timestamp) AS hour, sum(duration_ms) AS total_duration FROM exp02_projections.fair_proj GROUP BY page, hour ORDER BY total_duration DESC LIMIT 10"
"2026-02-14 17:34:04",483,8760000,190524544,10,14864,1608221700,8623562,7082380,80285,16477,132524,"SELECT page, hour, sumMerge(sum_duration) AS total_duration FROM exp02_projections.fair_mv_target GROUP BY page, hour ORDER BY total_duration DESC LIMIT 10"
"2026-02-14 17:34:05",7,16384,737280,8760,187031,2758308,58335,6424,2287,42,4,"SELECT page, toStartOfHour(timestamp) AS hour, count() AS hits, avg(duration_ms) AS avg_duration FROM exp02_projections.fair_proj WHERE page = '/page/0' GROUP BY page, hour ORDER BY hour"
"2026-02-14 17:34:05",7,16384,737280,8760,187031,2758308,53396,8061,1121,35,0,"SELECT page, toStartOfHour(timestamp) AS hour, count() AS hits, avg(duration_ms) AS avg_duration FROM exp02_projections.fair_proj WHERE page = '/page/0' GROUP BY page, hour ORDER BY hour"
"2026-02-14 17:34:05",7,16384,737280,8760,187031,2745694,72356,6906,2111,90,49,"SELECT page, hour, countMerge(hits) AS hits, avgMerge(avg_duration) AS avg_duration FROM exp02_projections.fair_mv_target WHERE page = '/page/0' GROUP BY page, hour ORDER BY hour"
"2026-02-14 17:34:05",6,16384,737280,8760,187031,2739838,58912,8283,26,73,117,"SELECT page, hour, countMerge(hits) AS hits, avgMerge(avg_duration) AS avg_duration FROM exp02_projections.fair_mv_target WHERE page = '/page/0' GROUP BY page, hour ORDER BY hour"
"2026-02-14 17:34:05",518,8760000,190524544,10,14864,2651335055,9225343,6969436,434754,14582,84457,"SELECT page, toStartOfHour(timestamp) AS hour, sum(duration_ms) AS total_duration FROM exp02_projections.fair_proj GROUP BY page, hour ORDER BY total_duration DESC LIMIT 10"
"2026-02-14 17:34:05",484,8760000,190524544,10,14864,2651334707,8619647,6723490,181655,13662,160619,"SELECT page, toStartOfHour(timestamp) AS hour, sum(duration_ms) AS total_duration FROM exp02_projections.fair_proj GROUP BY page, hour ORDER BY total_duration DESC LIMIT 10"
"2026-02-14 17:34:06",466,8760000,190524544,10,14864,1566624694,8316673,6483474,75223,16622,407159,"SELECT page, hour, sumMerge(sum_duration) AS total_duration FROM exp02_projections.fair_mv_target GROUP BY page, hour ORDER BY total_duration DESC LIMIT 10"
"2026-02-14 17:34:07",450,8760000,190524544,10,14864,1607525487,8018256,6605846,62098,15280,79635,"SELECT page, hour, sumMerge(sum_duration) AS total_duration FROM exp02_projections.fair_mv_target GROUP BY page, hour ORDER BY total_duration DESC LIMIT 10"
"2026-02-14 17:34:07",9,16384,737280,8760,187031,2759788,51897,7255,2522,54,0,"SELECT page, toStartOfHour(timestamp) AS hour, count() AS hits, avg(duration_ms) AS avg_duration FROM exp02_projections.fair_proj WHERE page = '/page/0' GROUP BY page, hour ORDER BY hour"
"2026-02-14 17:34:07",6,16384,737280,8760,187031,2745214,61370,7250,1757,47,96,"SELECT page, hour, countMerge(hits) AS hits, avgMerge(avg_duration) AS avg_duration FROM exp02_projections.fair_mv_target WHERE page = '/page/0' GROUP BY page, hour ORDER BY hour"
"2026-02-14 17:34:07",510,8760000,190524544,10,14864,2649845424,9096127,6784893,475092,13590,254579,"SELECT page, toStartOfHour(timestamp) AS hour, sum(duration_ms) AS total_duration FROM exp02_projections.fair_proj GROUP BY page, hour ORDER BY total_duration DESC LIMIT 10"
"2026-02-14 17:34:08",466,8760000,190524544,10,14864,1617381238,8324726,6811839,108370,15891,130626,"SELECT page, hour, sumMerge(sum_duration) AS total_duration FROM exp02_projections.fair_mv_target GROUP BY page, hour ORDER BY total_duration DESC LIMIT 10"
"2026-02-14 17:34:08",7,16384,737280,8760,187031,2758932,55771,7080,1586,39,175,"SELECT page, toStartOfHour(timestamp) AS hour, count() AS hits, avg(duration_ms) AS avg_duration FROM exp02_projections.fair_proj WHERE page = '/page/0' GROUP BY page, hour ORDER BY hour"
"2026-02-14 17:34:08",7,16384,737280,8760,187031,2758932,55340,8509,507,42,129,"SELECT page, toStartOfHour(timestamp) AS hour, count() AS hits, avg(duration_ms) AS avg_duration FROM exp02_projections.fair_proj WHERE page = '/page/0' GROUP BY page, hour ORDER BY hour"
"2026-02-14 17:34:09",8,16384,737280,8760,187031,2740462,71672,8196,1125,52,0,"SELECT page, hour, countMerge(hits) AS hits, avgMerge(avg_duration) AS avg_duration FROM exp02_projections.fair_mv_target WHERE page = '/page/0' GROUP BY page, hour ORDER BY hour"
"2026-02-14 17:34:09",10,16384,737280,8760,187031,2739838,68669,8603,1091,72,68,"SELECT page, hour, countMerge(hits) AS hits, avgMerge(avg_duration) AS avg_duration FROM exp02_projections.fair_mv_target WHERE page = '/page/0' GROUP BY page, hour ORDER BY hour"
"2026-02-14 17:34:09",508,8760000,190524544,10,3344,2651334707,9050701,6827971,357750,14226,82502,"SELECT page, toStartOfHour(timestamp) AS hour, sum(duration_ms) AS total_duration FROM exp02_projections.fair_proj GROUP BY page, hour ORDER BY total_duration DESC LIMIT 10"
"2026-02-14 17:34:09",509,8760000,190524544,10,14864,2653384296,9047561,7061516,181810,14477,168594,"SELECT page, toStartOfHour(timestamp) AS hour, sum(duration_ms) AS total_duration FROM exp02_projections.fair_proj GROUP BY page, hour ORDER BY total_duration DESC LIMIT 10"
"2026-02-14 17:34:10",488,8760000,190524544,10,14864,1596505038,8704624,6555823,68047,16292,511330,"SELECT page, hour, sumMerge(sum_duration) AS total_duration FROM exp02_projections.fair_mv_target GROUP BY page, hour ORDER BY total_duration DESC LIMIT 10"
"2026-02-14 17:34:10",457,8760000,190524544,10,14864,1620946182,8135016,6656241,59888,16192,120723,"SELECT page, hour, sumMerge(sum_duration) AS total_duration FROM exp02_projections.fair_mv_target GROUP BY page, hour ORDER BY total_duration DESC LIMIT 10"
"2026-02-14 17:34:11",7,16384,737280,8760,187031,2758868,55377,8806,131,40,0,"SELECT page, toStartOfHour(timestamp) AS hour, count() AS hits, avg(duration_ms) AS avg_duration FROM exp02_projections.fair_proj WHERE page = '/page/0' GROUP BY page, hour ORDER BY hour"
"2026-02-14 17:34:11",7,16384,737280,8760,187031,2740782,66273,7452,1417,65,169,"SELECT page, hour, countMerge(hits) AS hits, avgMerge(avg_duration) AS avg_duration FROM exp02_projections.fair_mv_target WHERE page = '/page/0' GROUP BY page, hour ORDER BY hour"
"2026-02-14 17:34:11",524,8760000,190524544,10,14864,2649369083,9356465,6817190,368860,15004,165667,"SELECT page, toStartOfHour(timestamp) AS hour, sum(duration_ms) AS total_duration FROM exp02_projections.fair_proj GROUP BY page, hour ORDER BY total_duration DESC LIMIT 10"
"2026-02-14 17:34:12",443,8760000,190524544,10,14864,1622714151,7891609,6447741,64287,14847,79331,"SELECT page, hour, sumMerge(sum_duration) AS total_duration FROM exp02_projections.fair_mv_target GROUP BY page, hour ORDER BY total_duration DESC LIMIT 10"
"2026-02-14 17:34:12",9,16384,737280,8760,187031,2758308,89069,9021,1302,42,1151,"SELECT page, toStartOfHour(timestamp) AS hour, count() AS hits, avg(duration_ms) AS avg_duration FROM exp02_projections.fair_proj WHERE page = '/page/0' GROUP BY page, hour ORDER BY hour"
"2026-02-14 17:34:12",7,16384,737280,8760,187031,2760828,57219,7444,1106,40,19,"SELECT page, toStartOfHour(timestamp) AS hour, count() AS hits, avg(duration_ms) AS avg_duration FROM exp02_projections.fair_proj WHERE page = '/page/0' GROUP BY page, hour ORDER BY hour"
"2026-02-14 17:34:12",7,16384,737280,8760,187031,2740462,61019,7998,631,40,22,"SELECT page, hour, countMerge(hits) AS hits, avgMerge(avg_duration) AS avg_duration FROM exp02_projections.fair_mv_target WHERE page = '/page/0' GROUP BY page, hour ORDER BY hour"
"2026-02-14 17:34:12",7,16384,737280,8760,187031,2740462,57798,8021,761,42,98,"SELECT page, hour, countMerge(hits) AS hits, avgMerge(avg_duration) AS avg_duration FROM exp02_projections.fair_mv_target WHERE page = '/page/0' GROUP BY page, hour ORDER BY hour"
"2026-02-14 17:34:12",524,8760000,190524544,10,14864,2650908285,9335240,7260728,319788,14936,92697,"SELECT page, toStartOfHour(timestamp) AS hour, sum(duration_ms) AS total_duration FROM exp02_projections.fair_proj GROUP BY page, hour ORDER BY total_duration DESC LIMIT 10"
"2026-02-14 17:34:13",522,8760000,190524544,10,14864,2650941831,9309197,7251669,121927,15771,93419,"SELECT page, toStartOfHour(timestamp) AS hour, sum(duration_ms) AS total_duration FROM exp02_projections.fair_proj GROUP BY page, hour ORDER BY total_duration DESC LIMIT 10"
"2026-02-14 17:34:14",466,8760000,190524544,10,14864,1608247364,8311248,6704623,53160,17225,210841,"SELECT page, hour, sumMerge(sum_duration) AS total_duration FROM exp02_projections.fair_mv_target GROUP BY page, hour ORDER BY total_duration DESC LIMIT 10"
"2026-02-14 17:34:14",489,8760000,190524544,10,14864,1583002816,8735657,6729754,53568,16728,397555,"SELECT page, hour, sumMerge(sum_duration) AS total_duration FROM exp02_projections.fair_mv_target GROUP BY page, hour ORDER BY total_duration DESC LIMIT 10"
"2026-02-14 17:34:15",8,16384,737280,8760,187031,2759252,76479,10243,500,52,272,"SELECT page, toStartOfHour(timestamp) AS hour, count() AS hits, avg(duration_ms) AS avg_duration FROM exp02_projections.fair_proj WHERE page = '/page/0' GROUP BY page, hour ORDER BY hour"
"2026-02-14 17:34:15",7,16384,737280,8760,187031,2741646,40313,7758,234,45,0,"SELECT page, hour, countMerge(hits) AS hits, avgMerge(avg_duration) AS avg_duration FROM exp02_projections.fair_mv_target WHERE page = '/page/0' GROUP BY page, hour ORDER BY hour"
"2026-02-14 17:34:15",547,8760000,190524544,10,14864,2652246847,9777503,7518450,396082,15033,237988,"SELECT page, toStartOfHour(timestamp) AS hour, sum(duration_ms) AS total_duration FROM exp02_projections.fair_proj GROUP BY page, hour ORDER BY total_duration DESC LIMIT 10"
"2026-02-14 17:34:16",435,8760000,190524544,10,14864,1641959375,7749027,6496479,86168,15387,85207,"SELECT page, hour, sumMerge(sum_duration) AS total_duration FROM exp02_projections.fair_mv_target GROUP BY page, hour ORDER BY total_duration DESC LIMIT 10"
"2026-02-14 17:34:16",7,16384,737280,8760,187031,2763148,58522,6861,2429,58,41,"SELECT page, toStartOfHour(timestamp) AS hour, count() AS hits, avg(duration_ms) AS avg_duration FROM exp02_projections.fair_proj WHERE page = '/page/0' GROUP BY page, hour ORDER BY hour"
"2026-02-14 17:34:16",8,16384,737280,8760,187031,2759556,58453,6344,2796,41,21,"SELECT page, toStartOfHour(timestamp) AS hour, count() AS hits, avg(duration_ms) AS avg_duration FROM exp02_projections.fair_proj WHERE page = '/page/0' GROUP BY page, hour ORDER BY hour"
"2026-02-14 17:34:16",7,16384,737280,8760,187031,2742734,52590,7209,1028,45,0,"SELECT page, hour, countMerge(hits) AS hits, avgMerge(avg_duration) AS avg_duration FROM exp02_projections.fair_mv_target WHERE page = '/page/0' GROUP BY page, hour ORDER BY hour"
"2026-02-14 17:34:16",7,16384,737280,8760,187031,2745334,61964,7555,1251,41,48,"SELECT page, hour, countMerge(hits) AS hits, avgMerge(avg_duration) AS avg_duration FROM exp02_projections.fair_mv_target WHERE page = '/page/0' GROUP BY page, hour ORDER BY hour"
"2026-02-14 17:34:16",530,8760000,190524544,10,14864,2653777865,9449087,7119386,347043,14973,289250,"SELECT page, toStartOfHour(timestamp) AS hour, sum(duration_ms) AS total_duration FROM exp02_projections.fair_proj GROUP BY page, hour ORDER BY total_duration DESC LIMIT 10"
"2026-02-14 17:34:17",543,8760000,190524544,10,14864,2566796788,9669748,7011143,206740,18505,493376,"SELECT page, toStartOfHour(timestamp) AS hour, sum(duration_ms) AS total_duration FROM exp02_projections.fair_proj GROUP BY page, hour ORDER BY total_duration DESC LIMIT 10"
"2026-02-14 17:34:18",449,8760000,190524544,10,14864,1601083459,8015048,6451829,46052,14631,94076,"SELECT page, hour, sumMerge(sum_duration) AS total_duration FROM exp02_projections.fair_mv_target GROUP BY page, hour ORDER BY total_duration DESC LIMIT 10"
"2026-02-14 17:34:18",470,8760000,190524544,10,14864,1612450315,8385228,6826834,69812,15756,97671,"SELECT page, hour, sumMerge(sum_duration) AS total_duration FROM exp02_projections.fair_mv_target GROUP BY page, hour ORDER BY total_duration DESC LIMIT 10"
"2026-02-14 17:34:19",7,16384,737280,8760,187031,2758868,65198,8997,779,43,155,"SELECT page, toStartOfHour(timestamp) AS hour, count() AS hits, avg(duration_ms) AS avg_duration FROM exp02_projections.fair_proj WHERE page = '/page/0' GROUP BY page, hour ORDER BY hour"
"2026-02-14 17:34:19",7,16384,737280,8760,187031,2741022,68966,8110,1021,48,117,"SELECT page, hour, countMerge(hits) AS hits, avgMerge(avg_duration) AS avg_duration FROM exp02_projections.fair_mv_target WHERE page = '/page/0' GROUP BY page, hour ORDER BY hour"
"2026-02-14 17:34:19",517,8760000,190524544,10,14864,2650548724,9217598,6961392,365836,14718,133410,"SELECT page, toStartOfHour(timestamp) AS hour, sum(duration_ms) AS total_duration FROM exp02_projections.fair_proj GROUP BY page, hour ORDER BY total_duration DESC LIMIT 10"
"2026-02-14 17:34:19",455,8760000,190524544,10,14864,1616236950,8124576,6511332,66275,15058,120430,"SELECT page, hour, sumMerge(sum_duration) AS total_duration FROM exp02_projections.fair_mv_target GROUP BY page, hour ORDER BY total_duration DESC LIMIT 10"
"2026-02-14 17:34:20",8,16384,737280,8760,187031,2758932,59702,7760,1705,63,0,"SELECT page, toStartOfHour(timestamp) AS hour, count() AS hits, avg(duration_ms) AS avg_duration FROM exp02_projections.fair_proj WHERE page = '/page/0' GROUP BY page, hour ORDER BY hour"
"2026-02-14 17:34:20",8,16384,737280,8760,187031,2758308,67047,9786,623,63,97,"SELECT page, toStartOfHour(timestamp) AS hour, count() AS hits, avg(duration_ms) AS avg_duration FROM exp02_projections.fair_proj WHERE page = '/page/0' GROUP BY page, hour ORDER BY hour"
"2026-02-14 17:34:20",6,16384,737280,8760,187031,2739838,53414,6687,1211,43,32,"SELECT page, hour, countMerge(hits) AS hits, avgMerge(avg_duration) AS avg_duration FROM exp02_projections.fair_mv_target WHERE page = '/page/0' GROUP BY page, hour ORDER BY hour"
"2026-02-14 17:34:20",8,16384,737280,8760,187031,2745406,65985,8394,1362,46,247,"SELECT page, hour, countMerge(hits) AS hits, avgMerge(avg_duration) AS avg_duration FROM exp02_projections.fair_mv_target WHERE page = '/page/0' GROUP BY page, hour ORDER BY hour"
"2026-02-14 17:34:20",522,8760000,190524544,10,14864,2651460299,9300827,7165988,384721,13928,98288,"SELECT page, toStartOfHour(timestamp) AS hour, sum(duration_ms) AS total_duration FROM exp02_projections.fair_proj GROUP BY page, hour ORDER BY total_duration DESC LIMIT 10"
"2026-02-14 17:34:21",500,8760000,190524544,10,14864,2653291678,8936190,7268417,193884,14301,100339,"SELECT page, toStartOfHour(timestamp) AS hour, sum(duration_ms) AS total_duration FROM exp02_projections.fair_proj GROUP BY page, hour ORDER BY total_duration DESC LIMIT 10"
"2026-02-14 17:34:21",464,8760000,190524544,10,14864,1615746268,8272934,6807886,61241,15781,115604,"SELECT page, hour, sumMerge(sum_duration) AS total_duration FROM exp02_projections.fair_mv_target GROUP BY page, hour ORDER BY total_duration DESC LIMIT 10"
"2026-02-14 17:34:22",453,8760000,190524544,10,14864,1617699980,8067689,6428604,58976,15902,263924,"SELECT page, hour, sumMerge(sum_duration) AS total_duration FROM exp02_projections.fair_mv_target GROUP BY page, hour ORDER BY total_duration DESC LIMIT 10"
"2026-02-14 17:34:23",9,16384,737280,8760,187031,2758868,80655,10103,559,54,83,"SELECT page, toStartOfHour(timestamp) AS hour, count() AS hits, avg(duration_ms) AS avg_duration FROM exp02_projections.fair_proj WHERE page = '/page/0' GROUP BY page, hour ORDER BY hour"
"2026-02-14 17:34:23",8,16384,737280,8760,187031,2740782,72018,6265,3640,53,170,"SELECT page, hour, countMerge(hits) AS hits, avgMerge(avg_duration) AS avg_duration FROM exp02_projections.fair_mv_target WHERE page = '/page/0' GROUP BY page, hour ORDER BY hour"
"2026-02-14 17:34:23",494,8760000,190524544,10,14864,2655374776,8806863,6644448,393846,13919,276351,"SELECT page, toStartOfHour(timestamp) AS hour, sum(duration_ms) AS total_duration FROM exp02_projections.fair_proj GROUP BY page, hour ORDER BY total_duration DESC LIMIT 10"
"2026-02-14 17:34:23",453,8760000,190524544,10,14864,1594523044,8071642,6383470,65845,15701,289281,"SELECT page, hour, sumMerge(sum_duration) AS total_duration FROM exp02_projections.fair_mv_target GROUP BY page, hour ORDER BY total_duration DESC LIMIT 10"
"2026-02-14 17:34:24",7,16384,737280,8760,187031,2762516,57414,8576,553,44,36,"SELECT page, toStartOfHour(timestamp) AS hour, count() AS hits, avg(duration_ms) AS avg_duration FROM exp02_projections.fair_proj WHERE page = '/page/0' GROUP BY page, hour ORDER BY hour"
"2026-02-14 17:34:24",8,16384,737280,8760,187031,2758932,72127,9707,432,57,60,"SELECT page, toStartOfHour(timestamp) AS hour, count() AS hits, avg(duration_ms) AS avg_duration FROM exp02_projections.fair_proj WHERE page = '/page/0' GROUP BY page, hour ORDER BY hour"
"2026-02-14 17:34:24",7,16384,737280,8760,187031,2739838,62720,8711,733,41,152,"SELECT page, hour, countMerge(hits) AS hits, avgMerge(avg_duration) AS avg_duration FROM exp02_projections.fair_mv_target WHERE page = '/page/0' GROUP BY page, hour ORDER BY hour"
"2026-02-14 17:34:24",7,16384,737280,8760,187031,2748876,69652,7194,2305,53,212,"SELECT page, hour, countMerge(hits) AS hits, avgMerge(avg_duration) AS avg_duration FROM exp02_projections.fair_mv_target WHERE page = '/page/0' GROUP BY page, hour ORDER BY hour"
"2026-02-14 17:34:24",517,8760000,190524544,10,14864,2449483760,9209295,6784131,317534,15779,265552,"SELECT page, toStartOfHour(timestamp) AS hour, sum(duration_ms) AS total_duration FROM exp02_projections.fair_proj GROUP BY page, hour ORDER BY total_duration DESC LIMIT 10"
"2026-02-14 17:34:25",510,8760000,190524544,10,3344,2652866176,9080625,7081356,229260,13631,99659,"SELECT page, toStartOfHour(timestamp) AS hour, sum(duration_ms) AS total_duration FROM exp02_projections.fair_proj GROUP BY page, hour ORDER BY total_duration DESC LIMIT 10"
"2026-02-14 17:34:25",475,8760000,190524544,10,14864,1601078810,8464861,6777879,66428,16210,194326,"SELECT page, hour, sumMerge(sum_duration) AS total_duration FROM exp02_projections.fair_mv_target GROUP BY page, hour ORDER BY total_duration DESC LIMIT 10"
"2026-02-14 17:34:26",471,8760000,190524544,10,14864,1636203764,8402070,6890346,82494,15813,92219,"SELECT page, hour, sumMerge(sum_duration) AS total_duration FROM exp02_projections.fair_mv_target GROUP BY page, hour ORDER BY total_duration DESC LIMIT 10"
"2026-02-14 17:34:26",8,16384,737280,8760,187031,2758868,67307,8336,1438,44,116,"SELECT page, toStartOfHour(timestamp) AS hour, count() AS hits, avg(duration_ms) AS avg_duration FROM exp02_projections.fair_proj WHERE page = '/page/0' GROUP BY page, hour ORDER BY hour"
"2026-02-14 17:34:26",8,16384,737280,8760,187031,2740398,57753,7857,1279,51,0,"SELECT page, hour, countMerge(hits) AS hits, avgMerge(avg_duration) AS avg_duration FROM exp02_projections.fair_mv_target WHERE page = '/page/0' GROUP BY page, hour ORDER BY hour"
"2026-02-14 17:34:26",496,8760000,190524544,10,14864,2649720163,8857792,6641127,390974,14196,122538,"SELECT page, toStartOfHour(timestamp) AS hour, sum(duration_ms) AS total_duration FROM exp02_projections.fair_proj GROUP BY page, hour ORDER BY total_duration DESC LIMIT 10"
"2026-02-14 17:34:27",444,8760000,190524544,10,14864,1616272459,7902082,6459638,64604,15334,80626,"SELECT page, hour, sumMerge(sum_duration) AS total_duration FROM exp02_projections.fair_mv_target GROUP BY page, hour ORDER BY total_duration DESC LIMIT 10"
"2026-02-14 17:34:28",8,16384,737280,8760,187031,2758932,46470,7531,2252,38,0,"SELECT page, toStartOfHour(timestamp) AS hour, count() AS hits, avg(duration_ms) AS avg_duration FROM exp02_projections.fair_proj WHERE page = '/page/0' GROUP BY page, hour ORDER BY hour"
"2026-02-14 17:34:28",9,16384,737280,8760,187031,2758308,77267,9685,1013,42,371,"SELECT page, toStartOfHour(timestamp) AS hour, count() AS hits, avg(duration_ms) AS avg_duration FROM exp02_projections.fair_proj WHERE page = '/page/0' GROUP BY page, hour ORDER BY hour"
"2026-02-14 17:34:28",7,16384,737280,8760,187031,2740222,58846,7919,565,42,48,"SELECT page, hour, countMerge(hits) AS hits, avgMerge(avg_duration) AS avg_duration FROM exp02_projections.fair_mv_target WHERE page = '/page/0' GROUP BY page, hour ORDER BY hour"
"2026-02-14 17:34:28",7,16384,737280,8760,187031,2743838,56850,8475,41,52,83,"SELECT page, hour, countMerge(hits) AS hits, avgMerge(avg_duration) AS avg_duration FROM exp02_projections.fair_mv_target WHERE page = '/page/0' GROUP BY page, hour ORDER BY hour"
"2026-02-14 17:34:28",508,8760000,190524544,10,14864,2648707794,9067381,6751072,388105,15206,84807,"SELECT page, toStartOfHour(timestamp) AS hour, sum(duration_ms) AS total_duration FROM exp02_projections.fair_proj GROUP BY page, hour ORDER BY total_duration DESC LIMIT 10"
"2026-02-14 17:34:28",486,8760000,190524544,10,14864,2653517503,8654398,6736554,181942,13743,89672,"SELECT page, toStartOfHour(timestamp) AS hour, sum(duration_ms) AS total_duration FROM exp02_projections.fair_proj GROUP BY page, hour ORDER BY total_duration DESC LIMIT 10"
"2026-02-14 17:34:29",450,8760000,190524544,10,14864,1620753874,8021560,6588672,49082,15273,94067,"SELECT page, hour, sumMerge(sum_duration) AS total_duration FROM exp02_projections.fair_mv_target GROUP BY page, hour ORDER BY total_duration DESC LIMIT 10"
"2026-02-14 17:34:29",452,8760000,190524544,10,14864,1618229115,8043830,6503641,50419,15929,106771,"SELECT page, hour, sumMerge(sum_duration) AS total_duration FROM exp02_projections.fair_mv_target GROUP BY page, hour ORDER BY total_duration DESC LIMIT 10"
"2026-02-14 17:34:30",9,16384,737280,8760,187031,2759492,73499,9609,1736,47,674,"SELECT page, toStartOfHour(timestamp) AS hour, count() AS hits, avg(duration_ms) AS avg_duration FROM exp02_projections.fair_proj WHERE page = '/page/0' GROUP BY page, hour ORDER BY hour"
"2026-02-14 17:34:30",8,16384,737280,8760,187031,2740398,72890,7636,1832,59,159,"SELECT page, hour, countMerge(hits) AS hits, avgMerge(avg_duration) AS avg_duration FROM exp02_projections.fair_mv_target WHERE page = '/page/0' GROUP BY page, hour ORDER BY hour"
"2026-02-14 17:34:30",541,8760000,190524544,10,14864,2531142101,9645035,6994869,359860,14628,526145,"SELECT page, toStartOfHour(timestamp) AS hour, sum(duration_ms) AS total_duration FROM exp02_projections.fair_proj GROUP BY page, hour ORDER BY total_duration DESC LIMIT 10"
"2026-02-14 17:34:31",480,8760000,190524544,10,14864,1605448990,8562178,6557666,81188,15310,515285,"SELECT page, hour, sumMerge(sum_duration) AS total_duration FROM exp02_projections.fair_mv_target GROUP BY page, hour ORDER BY total_duration DESC LIMIT 10"
"2026-02-14 17:34:31",7,16384,737280,8760,187031,2762716,57786,7683,986,35,149,"SELECT page, toStartOfHour(timestamp) AS hour, count() AS hits, avg(duration_ms) AS avg_duration FROM exp02_projections.fair_proj WHERE page = '/page/0' GROUP BY page, hour ORDER BY hour"
"2026-02-14 17:34:31",7,16384,737280,8760,187031,2762100,59474,7907,1369,42,95,"SELECT page, toStartOfHour(timestamp) AS hour, count() AS hits, avg(duration_ms) AS avg_duration FROM exp02_projections.fair_proj WHERE page = '/page/0' GROUP BY page, hour ORDER BY hour"
"2026-02-14 17:34:31",6,16384,737280,8760,187031,2749244,55829,6862,1651,42,38,"SELECT page, hour, countMerge(hits) AS hits, avgMerge(avg_duration) AS avg_duration FROM exp02_projections.fair_mv_target WHERE page = '/page/0' GROUP BY page, hour ORDER BY hour"
"2026-02-14 17:34:32",7,16384,737280,8760,187031,2739838,58187,6656,1601,44,252,"SELECT page, hour, countMerge(hits) AS hits, avgMerge(avg_duration) AS avg_duration FROM exp02_projections.fair_mv_target WHERE page = '/page/0' GROUP BY page, hour ORDER BY hour"
"2026-02-14 17:34:32",522,8760000,190524544,10,14864,2652254388,9321682,7284062,389725,13871,101814,"SELECT page, toStartOfHour(timestamp) AS hour, sum(duration_ms) AS total_duration FROM exp02_projections.fair_proj GROUP BY page, hour ORDER BY total_duration DESC LIMIT 10"
"2026-02-14 17:34:32",514,8760000,190524544,10,14864,2649368977,9185580,7038503,175008,14578,95287,"SELECT page, toStartOfHour(timestamp) AS hour, sum(duration_ms) AS total_duration FROM exp02_projections.fair_proj GROUP BY page, hour ORDER BY total_duration DESC LIMIT 10"
"2026-02-14 17:34:33",480,8760000,190524544,10,14864,1629964952,8564958,7034788,74309,15895,82435,"SELECT page, hour, sumMerge(sum_duration) AS total_duration FROM exp02_projections.fair_mv_target GROUP BY page, hour ORDER BY total_duration DESC LIMIT 10"
"2026-02-14 17:34:33",470,8760000,190524544,10,14864,1619507835,8390082,6867897,55530,18094,112128,"SELECT page, hour, sumMerge(sum_duration) AS total_duration FROM exp02_projections.fair_mv_target GROUP BY page, hour ORDER BY total_duration DESC LIMIT 10"
"2026-02-14 17:34:34",9,16384,737280,8760,187031,2764284,69301,7586,3143,49,145,"SELECT page, toStartOfHour(timestamp) AS hour, count() AS hits, avg(duration_ms) AS avg_duration FROM exp02_projections.fair_proj WHERE page = '/page/0' GROUP BY page, hour ORDER BY hour"
"2026-02-14 17:34:34",6,16384,737280,8760,187031,2744270,58069,6980,1063,81,38,"SELECT page, hour, countMerge(hits) AS hits, avgMerge(avg_duration) AS avg_duration FROM exp02_projections.fair_mv_target WHERE page = '/page/0' GROUP BY page, hour ORDER BY hour"
"2026-02-14 17:34:34",524,8760000,190524544,10,14864,2655332287,9361113,6946297,493857,14813,220037,"SELECT page, toStartOfHour(timestamp) AS hour, sum(duration_ms) AS total_duration FROM exp02_projections.fair_proj GROUP BY page, hour ORDER BY total_duration DESC LIMIT 10"
"2026-02-14 17:34:35",451,8760000,190524544,10,14864,1606051016,8040127,6554973,94457,15629,95228,"SELECT page, hour, sumMerge(sum_duration) AS total_duration FROM exp02_projections.fair_mv_target GROUP BY page, hour ORDER BY total_duration DESC LIMIT 10"
"2026-02-14 17:34:35",8,16384,737280,8760,187031,2761580,61943,7022,2690,43,49,"SELECT page, toStartOfHour(timestamp) AS hour, count() AS hits, avg(duration_ms) AS avg_duration FROM exp02_projections.fair_proj WHERE page = '/page/0' GROUP BY page, hour ORDER BY hour"
"2026-02-14 17:34:35",7,16384,737280,8760,187031,2762020,56657,8952,193,38,71,"SELECT page, toStartOfHour(timestamp) AS hour, count() AS hits, avg(duration_ms) AS avg_duration FROM exp02_projections.fair_proj WHERE page = '/page/0' GROUP BY page, hour ORDER BY hour"
"2026-02-14 17:34:35",6,16384,737280,8760,187031,2739838,58446,7977,249,41,112,"SELECT page, hour, countMerge(hits) AS hits, avgMerge(avg_duration) AS avg_duration FROM exp02_projections.fair_mv_target WHERE page = '/page/0' GROUP BY page, hour ORDER BY hour"
"2026-02-14 17:34:35",7,16384,737280,8760,187031,2739838,63492,8547,642,45,136,"SELECT page, hour, countMerge(hits) AS hits, avgMerge(avg_duration) AS avg_duration FROM exp02_projections.fair_mv_target WHERE page = '/page/0' GROUP BY page, hour ORDER BY hour"
"2026-02-14 17:34:35",538,8760000,190524544,10,3344,2649720435,9603916,7134378,400851,15611,305630,"SELECT page, toStartOfHour(timestamp) AS hour, sum(duration_ms) AS total_duration FROM exp02_projections.fair_proj GROUP BY page, hour ORDER BY total_duration DESC LIMIT 10"
"2026-02-14 17:34:36",507,8760000,190524544,10,14864,2652866336,9047918,7046760,242332,14939,131224,"SELECT page, toStartOfHour(timestamp) AS hour, sum(duration_ms) AS total_duration FROM exp02_projections.fair_proj GROUP BY page, hour ORDER BY total_duration DESC LIMIT 10"
"2026-02-14 17:34:37",463,8760000,190524544,10,14864,1624834699,8278446,6770004,74434,16515,172195,"SELECT page, hour, sumMerge(sum_duration) AS total_duration FROM exp02_projections.fair_mv_target GROUP BY page, hour ORDER BY total_duration DESC LIMIT 10"
"2026-02-14 17:34:37",464,8760000,190524544,10,14864,1621290117,8277506,6809054,53989,16852,95656,"SELECT page, hour, sumMerge(sum_duration) AS total_duration FROM exp02_projections.fair_mv_target GROUP BY page, hour ORDER BY total_duration DESC LIMIT 10"
"2026-02-14 17:34:38",2,15,560,15,5120,169662,3124,2874,5,0,0,"EXPLAIN indexes=1 SELECT page, toStartOfHour(timestamp) AS hour, count() AS hits, avg(duration_ms) AS avg_duration FROM exp02_projections.fair_proj WHERE page = '/page/0' GROUP BY page, hour ORDER BY hour"
"2026-02-14 17:34:38",2,16,698,16,5120,160404,2884,1573,978,0,0,"EXPLAIN indexes=1 SELECT page, hour, countMerge(hits) AS hits, avgMerge(avg_duration) AS avg_duration FROM exp02_projections.fair_mv_target WHERE page = '/page/0' GROUP BY page, hour ORDER BY hour"
"2026-02-14 17:34:38",2,13,488,13,4608,157502,2816,2492,4,0,0,"EXPLAIN indexes=1 SELECT page, toStartOfHour(timestamp) AS hour, sum(duration_ms) AS total_duration FROM exp02_projections.fair_proj GROUP BY page, hour ORDER BY total_duration DESC LIMIT 10"
"2026-02-14 17:34:38",2,13,566,13,5120,144404,2668,1513,933,0,0,"EXPLAIN indexes=1 SELECT page, hour, sumMerge(sum_duration) AS total_duration FROM exp02_projections.fair_mv_target GROUP BY page, hour ORDER BY total_duration DESC LIMIT 10"
